<?xml version="1.0" encoding='UTF-8' standalone='no' ?>
<!DOCTYPE score-partwise PUBLIC "-//Recordare//DTD MusicXML 3.0 Partwise//EN" "http://www.musicxml.org/dtds/partwise.dtd">
<score-partwise version="3.0">
 <work>
  <work-title />
 </work>
 <identification>
  <rights>Copyright © </rights>
  <encoding>
   <encoding-date>2018-01-09</encoding-date>
   <encoder>Lucas Wong</encoder>
   <software>Sibelius 8.7.2</software>
   <software>Direct export, not from Dolet</software>
   <encoding-description>Sibelius / MusicXML 3.0</encoding-description>
   <supports element="print" type="yes" value="yes" attribute="new-system" />
   <supports element="print" type="yes" value="yes" attribute="new-page" />
   <supports element="accidental" type="yes" />
   <supports element="beam" type="yes" />
   <supports element="stem" type="yes" />
  </encoding>
 </identification>
 <defaults>
  <scaling>
   <millimeters>215.9</millimeters>
   <tenths>1233</tenths>
  </scaling>
  <page-layout>
   <page-height>1596</page-height>
   <page-width>1233</page-width>
   <page-margins type="both">
    <left-margin>85</left-margin>
    <right-margin>85</right-margin>
    <top-margin>85</top-margin>
    <bottom-margin>85</bottom-margin>
   </page-margins>
  </page-layout>
  <system-layout>
   <system-margins>
    <left-margin>67</left-margin>
    <right-margin>0</right-margin>
   </system-margins>
   <system-distance>92</system-distance>
  </system-layout>
  <appearance>
   <line-width type="stem">0.9375</line-width>
   <line-width type="beam">5</line-width>
   <line-width type="staff">0.9375</line-width>
   <line-width type="light barline">1.5625</line-width>
   <line-width type="heavy barline">5</line-width>
   <line-width type="leger">1.5625</line-width>
   <line-width type="ending">1.5625</line-width>
   <line-width type="wedge">1.25</line-width>
   <line-width type="enclosure">0.9375</line-width>
   <line-width type="tuplet bracket">1.25</line-width>
   <line-width type="bracket">5</line-width>
   <line-width type="dashes">1.5625</line-width>
   <line-width type="extend">0.9375</line-width>
   <line-width type="octave shift">1.5625</line-width>
   <line-width type="pedal">1.5625</line-width>
   <line-width type="slur middle">1.5625</line-width>
   <line-width type="slur tip">0.625</line-width>
   <line-width type="tie middle">1.5625</line-width>
   <line-width type="tie tip">0.625</line-width>
   <note-size type="cue">75</note-size>
   <note-size type="grace">60</note-size>
  </appearance>
  <music-font font-family="Opus Std" font-size="19.8425" />
  <lyric-font font-family="Plantin MT Std" font-size="11.4715" />
  <lyric-language xml:lang="en" />
 </defaults>
 <part-list>
  <part-group type="start" number="1">
   <group-symbol>brace</group-symbol>
  </part-group>
  <score-part id="P1">
   <part-name>Piano</part-name>
   <part-name-display>
    <display-text>Piano</display-text>
   </part-name-display>
   <part-abbreviation>Pno.</part-abbreviation>
   <part-abbreviation-display>
    <display-text>Pno.</display-text>
   </part-abbreviation-display>
   <score-instrument id="P1-I1">
    <instrument-name>Piano (2)</instrument-name>
    <instrument-sound>keyboard.piano.grand</instrument-sound>
    <solo />
    <virtual-instrument>
     <virtual-library>General MIDI</virtual-library>
     <virtual-name>Acoustic Piano</virtual-name>
    </virtual-instrument>
   </score-instrument>
  </score-part>
  <part-group type="stop" number="1" />
 </part-list>
 <part id="P1">
  <!--============== Part: P1, Measure: 1 ==============-->
  <measure number="1" width="321">
   <print new-page="yes">
    <system-layout>
     <system-margins>
      <left-margin>22</left-margin>
      <right-margin>0</right-margin>
     </system-margins>
     <top-system-distance>218</top-system-distance>
    </system-layout>
    <staff-layout number="2">
     <staff-distance>68</staff-distance>
    </staff-layout>
   </print>
   <attributes>
    <divisions>256</divisions>
    <key color="#000000">
     <fifths>-2</fifths>
     <mode>major</mode>
    </key>
    <time symbol="common" color="#000000">
     <beats>4</beats>
     <beat-type>4</beat-type>
    </time>
    <staves>2</staves>
    <clef number="1" color="#000000">
     <sign>G</sign>
     <line>2</line>
    </clef>
    <clef number="2" color="#000000">
     <sign>F</sign>
     <line>4</line>
    </clef>
    <staff-details number="1" print-object="yes" />
    <staff-details number="2" print-object="yes" />
   </attributes>
   <direction>
    <direction-type>
     <words default-x="-17" default-y="105" justify="left" valign="middle" font-family="Plantin MT Std" font-style="normal" font-size="10.0763" font-weight="normal">Jean Sibelius&apos;s Violin Concerto in D minor: II -- mm. 1-5</words>
    </direction-type>
    <voice>1</voice>
    <staff>1</staff>
   </direction>
   <direction>
    <direction-type>
     <words default-y="70" relative-y="26" justify="left" valign="middle" font-family="Plantin MT Std" font-style="normal" font-size="13.0217" font-weight="bold">Adagio di molto</words>
    </direction-type>
    <voice>1</voice>
    <staff>1</staff>
   </direction>
   <direction>
    <direction-type>
     <metronome default-y="70" color="#000000" font-family="Plantin MT Std" font-style="normal" font-size="13.0217" font-weight="bold">
      <beat-unit>quarter</beat-unit>
      <per-minute>60</per-minute>
     </metronome>
    </direction-type>
    <voice>1</voice>
    <staff>1</staff>
   </direction>
   <direction>
    <direction-type>
     <dynamics default-x="111" default-y="-77" color="#000000" font-family="Opus Text Std" font-style="normal" font-size="11.9365" font-weight="normal">
      <p />
     </dynamics>
    </direction-type>
    <offset sound="no">139</offset>
    <voice>1</voice>
    <staff>1</staff>
   </direction>
   <note default-x="98">
    <rest />
    <duration>512</duration>
    <instrument id="P1-I1" />
    <voice>1</voice>
    <type>half</type>
    <staff>1</staff>
   </note>
   <direction>
    <direction-type>
     <words default-x="141" default-y="16" justify="left" valign="middle" font-family="Plantin MT Std" font-style="normal" font-size="11.9365" font-weight="normal">cl.</words>
    </direction-type>
    <voice>1</voice>
    <staff>1</staff>
   </direction>
   <direction>
    <direction-type>
     <words default-x="142" default-y="43" justify="left" valign="middle" font-family="Plantin MT Std" font-style="italic" font-size="11.9365" font-weight="normal">dolce</words>
    </direction-type>
    <voice>1</voice>
    <staff>1</staff>
   </direction>
   <direction>
    <direction-type>
     <wedge default-x="11" default-y="-76" color="#000000" type="crescendo" />
    </direction-type>
    <voice>1</voice>
    <staff>1</staff>
   </direction>
   <note color="#000000" default-x="148" default-y="17">
    <pitch>
     <step>E</step>
     <octave>4</octave>
    </pitch>
    <duration>96</duration>
    <instrument id="P1-I1" />
    <voice>1</voice>
    <type>16th</type>
    <dot />
    <accidental>natural</accidental>
    <stem>up</stem>
    <staff>1</staff>
    <beam number="1">begin</beam>
    <beam number="2">begin</beam>
    <notations>
     <slur color="#000000" type="start" orientation="under" />
    </notations>
   </note>
   <note color="#000000" default-x="148">
    <chord />
    <pitch>
     <step>G</step>
     <alter>1</alter>
     <octave>4</octave>
    </pitch>
    <duration>64</duration>
    <instrument id="P1-I1" />
    <type>16th</type>
    <dot />
    <accidental>sharp</accidental>
    <staff>1</staff>
   </note>
   <note color="#000000" default-x="172" default-y="17">
    <pitch>
     <step>F</step>
     <octave>4</octave>
    </pitch>
    <duration>32</duration>
    <instrument id="P1-I1" />
    <voice>1</voice>
    <type>32nd</type>
    <stem>up</stem>
    <staff>1</staff>
    <beam number="1">continue</beam>
    <beam number="2">end</beam>
    <beam number="3">backward hook</beam>
   </note>
   <note color="#000000" default-x="172">
    <chord />
    <pitch>
     <step>A</step>
     <octave>4</octave>
    </pitch>
    <duration>32</duration>
    <instrument id="P1-I1" />
    <type>32nd</type>
    <staff>1</staff>
   </note>
   <note color="#000000" default-x="189" default-y="17">
    <pitch>
     <step>B</step>
     <alter>-1</alter>
     <octave>4</octave>
    </pitch>
    <duration>128</duration>
    <tie type="start" />
    <instrument id="P1-I1" />
    <voice>1</voice>
    <type>eighth</type>
    <stem>up</stem>
    <staff>1</staff>
    <beam number="1">end</beam>
    <notations>
     <tied type="start" orientation="under" />
    </notations>
   </note>
   <note color="#000000" default-x="189">
    <chord />
    <pitch>
     <step>D</step>
     <octave>5</octave>
    </pitch>
    <duration>128</duration>
    <tie type="start" />
    <instrument id="P1-I1" />
    <type>eighth</type>
    <staff>1</staff>
    <notations>
     <slur color="#000000" type="stop" orientation="under" />
     <tied type="start" orientation="over" />
    </notations>
   </note>
   <direction>
    <direction-type>
     <wedge default-x="-8" default-y="-76" color="#000000" type="stop" />
    </direction-type>
    <offset sound="no">-1</offset>
    <voice>1</voice>
    <staff>1</staff>
   </direction>
   <direction>
    <direction-type>
     <wedge default-x="11" default-y="-76" color="#000000" type="diminuendo" number="2" />
    </direction-type>
    <voice>1</voice>
    <staff>1</staff>
   </direction>
   <note color="#000000" default-x="221" default-y="17">
    <pitch>
     <step>B</step>
     <alter>-1</alter>
     <octave>4</octave>
    </pitch>
    <duration>64</duration>
    <tie type="stop" />
    <instrument id="P1-I1" />
    <voice>1</voice>
    <type>16th</type>
    <stem>up</stem>
    <staff>1</staff>
    <beam number="1">begin</beam>
    <beam number="2">begin</beam>
    <notations>
     <tied type="stop" orientation="under" />
    </notations>
   </note>
   <note color="#000000" default-x="221">
    <chord />
    <pitch>
     <step>D</step>
     <octave>5</octave>
    </pitch>
    <duration>64</duration>
    <tie type="stop" />
    <instrument id="P1-I1" />
    <type>16th</type>
    <staff>1</staff>
    <notations>
     <tied type="stop" orientation="over" />
    </notations>
   </note>
   <note color="#000000" default-x="247" default-y="17">
    <pitch>
     <step>G</step>
     <octave>4</octave>
    </pitch>
    <duration>64</duration>
    <instrument id="P1-I1" />
    <voice>1</voice>
    <type>16th</type>
    <accidental>natural</accidental>
    <stem>up</stem>
    <staff>1</staff>
    <beam number="1">continue</beam>
    <beam number="2">continue</beam>
    <notations>
     <slur color="#000000" type="start" orientation="under" />
    </notations>
   </note>
   <note color="#000000" default-x="247">
    <chord />
    <pitch>
     <step>B</step>
     <alter>-1</alter>
     <octave>4</octave>
    </pitch>
    <duration>64</duration>
    <instrument id="P1-I1" />
    <type>16th</type>
    <staff>1</staff>
   </note>
   <note color="#000000" default-x="265" default-y="17">
    <pitch>
     <step>F</step>
     <octave>4</octave>
    </pitch>
    <duration>64</duration>
    <instrument id="P1-I1" />
    <voice>1</voice>
    <type>16th</type>
    <stem>up</stem>
    <staff>1</staff>
    <beam number="1">continue</beam>
    <beam number="2">continue</beam>
   </note>
   <note color="#000000" default-x="265">
    <chord />
    <pitch>
     <step>A</step>
     <octave>4</octave>
    </pitch>
    <duration>64</duration>
    <instrument id="P1-I1" />
    <type>16th</type>
    <staff>1</staff>
   </note>
   <direction>
    <direction-type>
     <wedge default-x="-8" default-y="-76" color="#000000" type="stop" number="2" />
    </direction-type>
    <offset sound="no">63</offset>
    <voice>1</voice>
    <staff>1</staff>
   </direction>
   <note color="#000000" default-x="301" default-y="17">
    <pitch>
     <step>E</step>
     <alter>-1</alter>
     <octave>4</octave>
    </pitch>
    <duration>64</duration>
    <instrument id="P1-I1" />
    <voice>1</voice>
    <type>16th</type>
    <accidental>flat</accidental>
    <stem>up</stem>
    <staff>1</staff>
    <beam number="1">end</beam>
    <beam number="2">end</beam>
   </note>
   <note color="#000000" default-x="301">
    <chord />
    <pitch>
     <step>G</step>
     <octave>4</octave>
    </pitch>
    <duration>64</duration>
    <instrument id="P1-I1" />
    <type>16th</type>
    <accidental>natural</accidental>
    <staff>1</staff>
    <notations>
     <slur color="#000000" type="stop" orientation="under" />
    </notations>
   </note>
   <backup>
    <duration>1024</duration>
   </backup>
   <note default-x="98">
    <rest />
    <duration>1024</duration>
    <instrument id="P1-I1" />
    <voice>4</voice>
    <type>whole</type>
    <staff>2</staff>
   </note>
  </measure>
  <!--============== Part: P1, Measure: 2 ==============-->
  <measure number="2" width="336">
   <attributes />
   <direction>
    <direction-type>
     <wedge default-x="11" default-y="-76" color="#000000" type="crescendo" />
    </direction-type>
    <voice>1</voice>
    <staff>1</staff>
   </direction>
   <note color="#000000" default-x="24" default-y="17">
    <pitch>
     <step>E</step>
     <octave>4</octave>
    </pitch>
    <duration>96</duration>
    <instrument id="P1-I1" />
    <voice>1</voice>
    <type>16th</type>
    <dot />
    <accidental>natural</accidental>
    <stem>up</stem>
    <staff>1</staff>
    <beam number="1">begin</beam>
    <beam number="2">begin</beam>
    <notations>
     <slur color="#000000" type="start" orientation="under" />
    </notations>
   </note>
   <note color="#000000" default-x="24">
    <chord />
    <pitch>
     <step>G</step>
     <alter>1</alter>
     <octave>4</octave>
    </pitch>
    <duration>64</duration>
    <instrument id="P1-I1" />
    <type>16th</type>
    <dot />
    <accidental>sharp</accidental>
    <staff>1</staff>
   </note>
   <note color="#000000" default-x="48" default-y="17">
    <pitch>
     <step>F</step>
     <octave>4</octave>
    </pitch>
    <duration>32</duration>
    <instrument id="P1-I1" />
    <voice>1</voice>
    <type>32nd</type>
    <stem>up</stem>
    <staff>1</staff>
    <beam number="1">continue</beam>
    <beam number="2">end</beam>
    <beam number="3">backward hook</beam>
   </note>
   <note color="#000000" default-x="48">
    <chord />
    <pitch>
     <step>A</step>
     <octave>4</octave>
    </pitch>
    <duration>32</duration>
    <instrument id="P1-I1" />
    <type>32nd</type>
    <staff>1</staff>
   </note>
   <note color="#000000" default-x="64" default-y="17">
    <pitch>
     <step>B</step>
     <alter>-1</alter>
     <octave>4</octave>
    </pitch>
    <duration>128</duration>
    <tie type="start" />
    <instrument id="P1-I1" />
    <voice>1</voice>
    <type>eighth</type>
    <stem>up</stem>
    <staff>1</staff>
    <beam number="1">end</beam>
    <notations>
     <tied type="start" orientation="under" />
    </notations>
   </note>
   <note color="#000000" default-x="64">
    <chord />
    <pitch>
     <step>D</step>
     <octave>5</octave>
    </pitch>
    <duration>128</duration>
    <tie type="start" />
    <instrument id="P1-I1" />
    <type>eighth</type>
    <staff>1</staff>
    <notations>
     <slur color="#000000" type="stop" orientation="under" />
     <tied type="start" orientation="over" />
    </notations>
   </note>
   <direction>
    <direction-type>
     <wedge default-x="-8" default-y="-76" color="#000000" type="stop" />
    </direction-type>
    <offset sound="no">-1</offset>
    <voice>1</voice>
    <staff>1</staff>
   </direction>
   <direction>
    <direction-type>
     <wedge default-x="11" default-y="-76" color="#000000" type="diminuendo" number="2" />
    </direction-type>
    <voice>1</voice>
    <staff>1</staff>
   </direction>
   <note color="#000000" default-x="96" default-y="-55">
    <pitch>
     <step>B</step>
     <alter>-1</alter>
     <octave>4</octave>
    </pitch>
    <duration>128</duration>
    <tie type="stop" />
    <instrument id="P1-I1" />
    <voice>1</voice>
    <type>eighth</type>
    <stem>down</stem>
    <staff>1</staff>
    <notations>
     <tied type="stop" orientation="under" />
    </notations>
   </note>
   <note color="#000000" default-x="96">
    <chord />
    <pitch>
     <step>D</step>
     <octave>5</octave>
    </pitch>
    <duration>128</duration>
    <tie type="stop" />
    <instrument id="P1-I1" />
    <type>eighth</type>
    <staff>1</staff>
    <notations>
     <tied type="stop" orientation="over" />
    </notations>
   </note>
   <note default-x="118">
    <rest />
    <duration>128</duration>
    <instrument id="P1-I1" />
    <voice>1</voice>
    <type>eighth</type>
    <staff>1</staff>
   </note>
   <direction>
    <direction-type>
     <words default-x="131" default-y="20" justify="left" valign="middle" font-family="Plantin MT Std" font-style="normal" font-size="11.9365" font-weight="normal">ob.</words>
    </direction-type>
    <voice>1</voice>
    <staff>1</staff>
   </direction>
   <direction>
    <direction-type>
     <wedge default-x="-8" default-y="-76" color="#000000" type="stop" number="2" />
    </direction-type>
    <offset sound="no">-1</offset>
    <voice>1</voice>
    <staff>1</staff>
   </direction>
   <direction>
    <direction-type>
     <wedge default-x="11" default-y="-76" color="#000000" type="crescendo" />
    </direction-type>
    <voice>1</voice>
    <staff>1</staff>
   </direction>
   <note color="#000000" default-x="143" default-y="-59">
    <pitch>
     <step>A</step>
     <octave>4</octave>
    </pitch>
    <duration>96</duration>
    <instrument id="P1-I1" />
    <voice>1</voice>
    <type>16th</type>
    <dot />
    <stem>down</stem>
    <staff>1</staff>
    <beam number="1">begin</beam>
    <beam number="2">begin</beam>
    <notations>
     <slur color="#000000" type="start" orientation="over" />
    </notations>
   </note>
   <note color="#000000" default-x="143">
    <chord />
    <pitch>
     <step>C</step>
     <alter>1</alter>
     <octave>5</octave>
    </pitch>
    <duration>64</duration>
    <instrument id="P1-I1" />
    <type>16th</type>
    <dot />
    <accidental>sharp</accidental>
    <staff>1</staff>
   </note>
   <note color="#000000" default-x="167" default-y="-59">
    <pitch>
     <step>B</step>
     <alter>-1</alter>
     <octave>4</octave>
    </pitch>
    <duration>32</duration>
    <instrument id="P1-I1" />
    <voice>1</voice>
    <type>32nd</type>
    <stem>down</stem>
    <staff>1</staff>
    <beam number="1">continue</beam>
    <beam number="2">end</beam>
    <beam number="3">backward hook</beam>
   </note>
   <note color="#000000" default-x="167">
    <chord />
    <pitch>
     <step>D</step>
     <octave>5</octave>
    </pitch>
    <duration>32</duration>
    <instrument id="P1-I1" />
    <type>32nd</type>
    <staff>1</staff>
   </note>
   <note color="#000000" default-x="203" default-y="-59">
    <pitch>
     <step>E</step>
     <alter>-1</alter>
     <octave>5</octave>
    </pitch>
    <duration>128</duration>
    <tie type="start" />
    <instrument id="P1-I1" />
    <voice>1</voice>
    <type>eighth</type>
    <accidental>flat</accidental>
    <stem>down</stem>
    <staff>1</staff>
    <beam number="1">end</beam>
    <notations>
     <tied type="start" orientation="under" />
    </notations>
   </note>
   <note color="#000000" default-x="203">
    <chord />
    <pitch>
     <step>G</step>
     <octave>5</octave>
    </pitch>
    <duration>128</duration>
    <tie type="start" />
    <instrument id="P1-I1" />
    <type>eighth</type>
    <accidental>natural</accidental>
    <staff>1</staff>
    <notations>
     <slur color="#000000" type="stop" orientation="over" />
     <tied type="start" orientation="over" />
    </notations>
   </note>
   <direction>
    <direction-type>
     <wedge default-x="-8" default-y="-76" color="#000000" type="stop" />
    </direction-type>
    <offset sound="no">-1</offset>
    <voice>1</voice>
    <staff>1</staff>
   </direction>
   <direction>
    <direction-type>
     <wedge default-x="11" default-y="-76" color="#000000" type="diminuendo" number="2" />
    </direction-type>
    <voice>1</voice>
    <staff>1</staff>
   </direction>
   <note color="#000000" default-x="235" default-y="-54">
    <pitch>
     <step>E</step>
     <alter>-1</alter>
     <octave>5</octave>
    </pitch>
    <duration>64</duration>
    <tie type="stop" />
    <instrument id="P1-I1" />
    <voice>1</voice>
    <type>16th</type>
    <stem>down</stem>
    <staff>1</staff>
    <beam number="1">begin</beam>
    <beam number="2">begin</beam>
    <notations>
     <tied type="stop" orientation="under" />
    </notations>
   </note>
   <note color="#000000" default-x="235">
    <chord />
    <pitch>
     <step>G</step>
     <octave>5</octave>
    </pitch>
    <duration>64</duration>
    <tie type="stop" />
    <instrument id="P1-I1" />
    <type>16th</type>
    <staff>1</staff>
    <notations>
     <tied type="stop" orientation="over" />
    </notations>
   </note>
   <note color="#000000" default-x="261" default-y="-54">
    <pitch>
     <step>C</step>
     <octave>5</octave>
    </pitch>
    <duration>64</duration>
    <instrument id="P1-I1" />
    <voice>1</voice>
    <type>16th</type>
    <accidental>natural</accidental>
    <stem>down</stem>
    <staff>1</staff>
    <beam number="1">continue</beam>
    <beam number="2">continue</beam>
    <notations>
     <slur color="#000000" type="start" orientation="over" />
    </notations>
   </note>
   <note color="#000000" default-x="261">
    <chord />
    <pitch>
     <step>E</step>
     <alter>-1</alter>
     <octave>5</octave>
    </pitch>
    <duration>64</duration>
    <instrument id="P1-I1" />
    <type>16th</type>
    <staff>1</staff>
   </note>
   <note color="#000000" default-x="280" default-y="-54">
    <pitch>
     <step>B</step>
     <alter>-1</alter>
     <octave>4</octave>
    </pitch>
    <duration>64</duration>
    <instrument id="P1-I1" />
    <voice>1</voice>
    <type>16th</type>
    <stem>down</stem>
    <staff>1</staff>
    <beam number="1">continue</beam>
    <beam number="2">continue</beam>
   </note>
   <note color="#000000" default-x="280">
    <chord />
    <pitch>
     <step>D</step>
     <octave>5</octave>
    </pitch>
    <duration>64</duration>
    <instrument id="P1-I1" />
    <type>16th</type>
    <staff>1</staff>
   </note>
   <direction>
    <direction-type>
     <wedge default-x="-8" default-y="-76" color="#000000" type="stop" number="2" />
    </direction-type>
    <offset sound="no">63</offset>
    <voice>1</voice>
    <staff>1</staff>
   </direction>
   <note color="#000000" default-x="316" default-y="-54">
    <pitch>
     <step>A</step>
     <alter>-1</alter>
     <octave>4</octave>
    </pitch>
    <duration>64</duration>
    <instrument id="P1-I1" />
    <voice>1</voice>
    <type>16th</type>
    <accidental>flat</accidental>
    <stem>down</stem>
    <staff>1</staff>
    <beam number="1">end</beam>
    <beam number="2">end</beam>
   </note>
   <note color="#000000" default-x="316">
    <chord />
    <pitch>
     <step>C</step>
     <octave>5</octave>
    </pitch>
    <duration>64</duration>
    <instrument id="P1-I1" />
    <type>16th</type>
    <accidental>natural</accidental>
    <staff>1</staff>
    <notations>
     <slur color="#000000" type="stop" orientation="over" />
    </notations>
   </note>
   <backup>
    <duration>1024</duration>
   </backup>
   <note default-x="24">
    <rest />
    <duration>1024</duration>
    <instrument id="P1-I1" />
    <voice>4</voice>
    <type>whole</type>
    <staff>2</staff>
   </note>
  </measure>
  <!--============== Part: P1, Measure: 3 ==============-->
  <measure number="3" width="382">
   <attributes />
   <direction>
    <direction-type>
     <wedge default-x="11" default-y="-73" color="#000000" type="crescendo" />
    </direction-type>
    <voice>1</voice>
    <staff>1</staff>
   </direction>
   <note color="#000000" default-x="24" default-y="-59">
    <pitch>
     <step>A</step>
     <octave>4</octave>
    </pitch>
    <duration>96</duration>
    <instrument id="P1-I1" />
    <voice>1</voice>
    <type>16th</type>
    <dot />
    <accidental>natural</accidental>
    <stem>down</stem>
    <staff>1</staff>
    <beam number="1">begin</beam>
    <beam number="2">begin</beam>
    <notations>
     <slur color="#000000" type="start" orientation="over" />
    </notations>
   </note>
   <note color="#000000" default-x="24">
    <chord />
    <pitch>
     <step>C</step>
     <alter>1</alter>
     <octave>5</octave>
    </pitch>
    <duration>64</duration>
    <instrument id="P1-I1" />
    <type>16th</type>
    <dot />
    <accidental>sharp</accidental>
    <staff>1</staff>
   </note>
   <note color="#000000" default-x="48" default-y="-59">
    <pitch>
     <step>B</step>
     <alter>-1</alter>
     <octave>4</octave>
    </pitch>
    <duration>32</duration>
    <instrument id="P1-I1" />
    <voice>1</voice>
    <type>32nd</type>
    <stem>down</stem>
    <staff>1</staff>
    <beam number="1">continue</beam>
    <beam number="2">end</beam>
    <beam number="3">backward hook</beam>
   </note>
   <note color="#000000" default-x="48">
    <chord />
    <pitch>
     <step>D</step>
     <octave>5</octave>
    </pitch>
    <duration>32</duration>
    <instrument id="P1-I1" />
    <type>32nd</type>
    <staff>1</staff>
   </note>
   <note color="#000000" default-x="64" default-y="-59">
    <pitch>
     <step>E</step>
     <alter>-1</alter>
     <octave>5</octave>
    </pitch>
    <duration>128</duration>
    <tie type="start" />
    <instrument id="P1-I1" />
    <voice>1</voice>
    <type>eighth</type>
    <stem>down</stem>
    <staff>1</staff>
    <beam number="1">end</beam>
    <notations>
     <tied type="start" orientation="under" />
    </notations>
   </note>
   <note color="#000000" default-x="64">
    <chord />
    <pitch>
     <step>G</step>
     <octave>5</octave>
    </pitch>
    <duration>128</duration>
    <tie type="start" />
    <instrument id="P1-I1" />
    <type>eighth</type>
    <staff>1</staff>
    <notations>
     <slur color="#000000" type="stop" orientation="over" />
     <tied type="start" orientation="over" />
    </notations>
   </note>
   <direction>
    <direction-type>
     <wedge default-x="-8" default-y="-73" color="#000000" type="stop" />
    </direction-type>
    <offset sound="no">-1</offset>
    <voice>1</voice>
    <staff>1</staff>
   </direction>
   <note color="#000000" default-x="96" default-y="-40">
    <pitch>
     <step>E</step>
     <alter>-1</alter>
     <octave>5</octave>
    </pitch>
    <duration>128</duration>
    <tie type="stop" />
    <instrument id="P1-I1" />
    <voice>1</voice>
    <type>eighth</type>
    <stem>down</stem>
    <staff>1</staff>
    <notations>
     <tied type="stop" orientation="under" />
    </notations>
   </note>
   <note color="#000000" default-x="96">
    <chord />
    <pitch>
     <step>G</step>
     <octave>5</octave>
    </pitch>
    <duration>128</duration>
    <tie type="stop" />
    <instrument id="P1-I1" />
    <type>eighth</type>
    <staff>1</staff>
    <notations>
     <tied type="stop" orientation="over" />
    </notations>
   </note>
   <note default-x="118">
    <rest />
    <duration>128</duration>
    <instrument id="P1-I1" />
    <voice>1</voice>
    <type>eighth</type>
    <staff>1</staff>
   </note>
   <direction>
    <direction-type>
     <words default-x="114" default-y="26" justify="left" valign="middle" font-family="Plantin MT Std" font-style="normal" font-size="11.9365" font-weight="normal">ob.fl.</words>
    </direction-type>
    <voice>1</voice>
    <staff>1</staff>
   </direction>
   <direction>
    <direction-type>
     <dynamics default-x="148" default-y="-81" color="#000000" font-family="Opus Text Std" font-style="normal" font-size="11.9365" font-weight="normal">
      <f />
     </dynamics>
    </direction-type>
    <voice>1</voice>
    <staff>1</staff>
   </direction>
   <note color="#000000" default-x="154" default-y="52">
    <pitch>
     <step>D</step>
     <alter>1</alter>
     <octave>5</octave>
    </pitch>
    <duration>96</duration>
    <instrument id="P1-I1" />
    <voice>1</voice>
    <type>16th</type>
    <dot />
    <accidental>sharp</accidental>
    <stem>up</stem>
    <staff>1</staff>
    <beam number="1">begin</beam>
    <beam number="2">begin</beam>
    <notations>
     <slur color="#000000" type="start" orientation="over" />
     <slur color="#000000" type="start" orientation="over" number="2" />
    </notations>
   </note>
   <note color="#000000" default-x="154">
    <chord />
    <pitch>
     <step>F</step>
     <alter>1</alter>
     <octave>5</octave>
    </pitch>
    <duration>64</duration>
    <instrument id="P1-I1" />
    <type>16th</type>
    <dot />
    <accidental>sharp</accidental>
    <staff>1</staff>
   </note>
   <note color="#000000" default-x="187" default-y="52">
    <pitch>
     <step>E</step>
     <octave>5</octave>
    </pitch>
    <duration>32</duration>
    <instrument id="P1-I1" />
    <voice>1</voice>
    <type>32nd</type>
    <accidental>natural</accidental>
    <stem>up</stem>
    <staff>1</staff>
    <beam number="1">continue</beam>
    <beam number="2">end</beam>
    <beam number="3">backward hook</beam>
   </note>
   <note color="#000000" default-x="187">
    <chord />
    <pitch>
     <step>G</step>
     <octave>5</octave>
    </pitch>
    <duration>32</duration>
    <instrument id="P1-I1" />
    <type>32nd</type>
    <staff>1</staff>
    <notations>
     <slur color="#000000" type="stop" orientation="over" number="2" />
    </notations>
   </note>
   <direction>
    <direction-type>
     <words default-x="230" default-y="35" justify="left" valign="middle" font-family="Plantin MT Std" font-style="normal" font-size="11.9365" font-weight="normal">+cl.</words>
    </direction-type>
    <voice>1</voice>
    <staff>1</staff>
   </direction>
   <direction>
    <direction-type>
     <dynamics default-x="221" default-y="-82" color="#000000" font-family="Opus Text Std" font-style="normal" font-size="11.9365" font-weight="normal">
      <f />
     </dynamics>
    </direction-type>
    <voice>1</voice>
    <staff>1</staff>
   </direction>
   <direction>
    <direction-type>
     <words default-y="-82" relative-x="15" justify="left" valign="middle" font-family="Plantin MT Std" font-style="italic" font-size="11.9365" font-weight="normal">z</words>
    </direction-type>
    <voice>1</voice>
    <staff>1</staff>
   </direction>
   <note color="#000000" default-x="216" default-y="52">
    <pitch>
     <step>B</step>
     <alter>-1</alter>
     <octave>4</octave>
    </pitch>
    <duration>128</duration>
    <tie type="start" />
    <instrument id="P1-I1" />
    <voice>1</voice>
    <type>eighth</type>
    <stem>up</stem>
    <staff>1</staff>
    <beam number="1">end</beam>
    <notations>
     <tied type="start" orientation="over" />
    </notations>
   </note>
   <note color="#000000" default-x="216">
    <chord />
    <pitch>
     <step>D</step>
     <octave>6</octave>
    </pitch>
    <duration>128</duration>
    <tie type="start" />
    <instrument id="P1-I1" />
    <type>eighth</type>
    <accidental>natural</accidental>
    <staff>1</staff>
    <notations>
     <slur color="#000000" type="stop" orientation="over" />
     <tied type="start" orientation="over" />
    </notations>
   </note>
   <direction>
    <direction-type>
     <words default-x="298" default-y="40" justify="left" valign="middle" font-family="Plantin MT Std" font-style="normal" font-size="11.9365" font-weight="normal">-ob.fl.</words>
    </direction-type>
    <offset sound="no">64</offset>
    <voice>1</voice>
    <staff>1</staff>
   </direction>
   <note color="#000000" default-x="268" default-y="52">
    <pitch>
     <step>B</step>
     <alter>-1</alter>
     <octave>4</octave>
    </pitch>
    <duration>128</duration>
    <tie type="stop" />
    <instrument id="P1-I1" />
    <voice>1</voice>
    <type>eighth</type>
    <stem>up</stem>
    <staff>1</staff>
    <notations>
     <tied type="stop" orientation="over" />
    </notations>
   </note>
   <note color="#000000" default-x="268">
    <chord />
    <pitch>
     <step>D</step>
     <octave>6</octave>
    </pitch>
    <duration>128</duration>
    <tie type="stop" />
    <instrument id="P1-I1" />
    <type>eighth</type>
    <staff>1</staff>
    <notations>
     <tied type="stop" orientation="over" />
    </notations>
   </note>
   <backup>
    <duration>256</duration>
   </backup>
   <note color="#000000" default-x="216" default-y="-40">
    <pitch>
     <step>E</step>
     <octave>5</octave>
    </pitch>
    <duration>128</duration>
    <tie type="start" />
    <instrument id="P1-I1" />
    <voice>2</voice>
    <type>eighth</type>
    <accidental>natural</accidental>
    <stem>down</stem>
    <staff>1</staff>
    <notations>
     <tied type="start" orientation="under" />
    </notations>
   </note>
   <note color="#000000" default-x="216">
    <chord />
    <pitch>
     <step>G</step>
     <octave>5</octave>
    </pitch>
    <duration>128</duration>
    <tie type="start" />
    <instrument id="P1-I1" />
    <type>eighth</type>
    <staff>1</staff>
    <notations>
     <slur color="#000000" type="stop" orientation="under" number="3" />
     <tied type="start" orientation="under" />
    </notations>
   </note>
   <direction>
    <direction-type>
     <wedge default-x="11" default-y="-68" color="#000000" type="diminuendo" />
    </direction-type>
    <voice>1</voice>
    <staff>1</staff>
   </direction>
   <note color="#000000" default-x="268" default-y="-42">
    <pitch>
     <step>E</step>
     <octave>5</octave>
    </pitch>
    <duration>64</duration>
    <tie type="stop" />
    <instrument id="P1-I1" />
    <voice>2</voice>
    <type>16th</type>
    <stem>down</stem>
    <staff>1</staff>
    <beam number="1">begin</beam>
    <beam number="2">begin</beam>
    <notations>
     <tied type="stop" orientation="under" />
    </notations>
   </note>
   <note color="#000000" default-x="268">
    <chord />
    <pitch>
     <step>G</step>
     <octave>5</octave>
    </pitch>
    <duration>64</duration>
    <tie type="stop" />
    <instrument id="P1-I1" />
    <type>16th</type>
    <staff>1</staff>
    <notations>
     <tied type="stop" orientation="under" />
    </notations>
   </note>
   <note color="#000000" default-x="304" default-y="-42">
    <pitch>
     <step>G</step>
     <octave>5</octave>
    </pitch>
    <duration>64</duration>
    <instrument id="P1-I1" />
    <voice>2</voice>
    <type>16th</type>
    <stem>down</stem>
    <staff>1</staff>
    <beam number="1">end</beam>
    <beam number="2">end</beam>
    <notations>
     <slur color="#000000" type="start" orientation="over" />
    </notations>
   </note>
   <note color="#000000" default-x="304">
    <chord />
    <pitch>
     <step>B</step>
     <alter>-1</alter>
     <octave>5</octave>
    </pitch>
    <duration>64</duration>
    <instrument id="P1-I1" />
    <type>16th</type>
    <staff>1</staff>
   </note>
   <note color="#000000" default-x="342" default-y="-39">
    <pitch>
     <step>F</step>
     <octave>5</octave>
    </pitch>
    <duration>64</duration>
    <instrument id="P1-I1" />
    <voice>2</voice>
    <type>16th</type>
    <accidental>natural</accidental>
    <stem>down</stem>
    <staff>1</staff>
    <beam number="1">begin</beam>
    <beam number="2">begin</beam>
   </note>
   <note color="#000000" default-x="342">
    <chord />
    <pitch>
     <step>A</step>
     <octave>5</octave>
    </pitch>
    <duration>64</duration>
    <instrument id="P1-I1" />
    <type>16th</type>
    <accidental>natural</accidental>
    <staff>1</staff>
   </note>
   <direction>
    <direction-type>
     <wedge default-x="-8" default-y="-68" color="#000000" type="stop" />
    </direction-type>
    <offset sound="no">63</offset>
    <voice>1</voice>
    <staff>1</staff>
   </direction>
   <note color="#000000" default-x="362" default-y="-39">
    <pitch>
     <step>E</step>
     <octave>5</octave>
    </pitch>
    <duration>64</duration>
    <instrument id="P1-I1" />
    <voice>2</voice>
    <type>16th</type>
    <stem>down</stem>
    <staff>1</staff>
    <beam number="1">end</beam>
    <beam number="2">end</beam>
   </note>
   <note color="#000000" default-x="362">
    <chord />
    <pitch>
     <step>G</step>
     <octave>5</octave>
    </pitch>
    <duration>64</duration>
    <instrument id="P1-I1" />
    <type>16th</type>
    <staff>1</staff>
   </note>
   <backup>
    <duration>1024</duration>
   </backup>
   <direction>
    <direction-type>
     <words default-x="216" default-y="-58" justify="left" valign="middle" font-family="Plantin MT Std" font-style="normal" font-size="11.9365" font-weight="normal">(timp.)</words>
    </direction-type>
    <offset sound="no">640</offset>
    <voice>4</voice>
    <staff>2</staff>
   </direction>
   <note default-x="24">
    <rest />
    <duration>1024</duration>
    <instrument id="P1-I1" />
    <voice>4</voice>
    <type>whole</type>
    <staff>2</staff>
   </note>
  </measure>
  <!--============== Part: P1, Measure: 4 ==============-->
  <measure number="4" width="687">
   <print new-system="yes">
    <system-layout>
     <system-margins>
      <left-margin>22</left-margin>
      <right-margin>0</right-margin>
     </system-margins>
     <system-distance>92</system-distance>
    </system-layout>
    <staff-layout number="2">
     <staff-distance>76</staff-distance>
    </staff-layout>
   </print>
   <attributes>
    <staff-details number="1" print-object="yes" />
    <staff-details number="2" print-object="yes" />
   </attributes>
   <forward>
    <duration>832</duration>
   </forward>
   <direction>
    <direction-type>
     <words default-x="498" default-y="-90" justify="left" valign="middle" font-family="Plantin MT Std" font-style="italic" font-size="11.9365" font-weight="normal">dim.</words>
    </direction-type>
    <voice>1</voice>
    <staff>1</staff>
   </direction>
   <backup>
    <duration>832</duration>
   </backup>
   <note color="#000000" default-x="80" default-y="-54">
    <pitch>
     <step>D</step>
     <octave>5</octave>
    </pitch>
    <duration>64</duration>
    <instrument id="P1-I1" />
    <voice>2</voice>
    <type>16th</type>
    <accidental>natural</accidental>
    <stem>down</stem>
    <staff>1</staff>
    <beam number="1">begin</beam>
    <beam number="2">begin</beam>
   </note>
   <note color="#000000" default-x="80">
    <chord />
    <pitch>
     <step>F</step>
     <octave>5</octave>
    </pitch>
    <duration>64</duration>
    <instrument id="P1-I1" />
    <type>16th</type>
    <staff>1</staff>
   </note>
   <note color="#000000" default-x="118" default-y="-54">
    <pitch>
     <step>C</step>
     <octave>5</octave>
    </pitch>
    <duration>64</duration>
    <instrument id="P1-I1" />
    <voice>2</voice>
    <type>16th</type>
    <accidental>natural</accidental>
    <stem>down</stem>
    <staff>1</staff>
    <beam number="1">continue</beam>
    <beam number="2">continue</beam>
   </note>
   <note color="#000000" default-x="118">
    <chord />
    <pitch>
     <step>E</step>
     <octave>5</octave>
    </pitch>
    <duration>64</duration>
    <instrument id="P1-I1" />
    <type>16th</type>
    <accidental>natural</accidental>
    <staff>1</staff>
   </note>
   <note color="#000000" default-x="155" default-y="-54">
    <pitch>
     <step>B</step>
     <alter>-1</alter>
     <octave>4</octave>
    </pitch>
    <duration>64</duration>
    <instrument id="P1-I1" />
    <voice>2</voice>
    <type>16th</type>
    <stem>down</stem>
    <staff>1</staff>
    <beam number="1">continue</beam>
    <beam number="2">continue</beam>
   </note>
   <note color="#000000" default-x="155">
    <chord />
    <pitch>
     <step>D</step>
     <octave>5</octave>
    </pitch>
    <duration>64</duration>
    <instrument id="P1-I1" />
    <type>16th</type>
    <staff>1</staff>
   </note>
   <note color="#000000" default-x="194" default-y="-54">
    <pitch>
     <step>A</step>
     <octave>4</octave>
    </pitch>
    <duration>64</duration>
    <instrument id="P1-I1" />
    <voice>2</voice>
    <type>16th</type>
    <stem>down</stem>
    <staff>1</staff>
    <beam number="1">end</beam>
    <beam number="2">end</beam>
   </note>
   <note color="#000000" default-x="194">
    <chord />
    <pitch>
     <step>C</step>
     <octave>5</octave>
    </pitch>
    <duration>64</duration>
    <instrument id="P1-I1" />
    <type>16th</type>
    <staff>1</staff>
   </note>
   <note color="#000000" default-x="232" default-y="12">
    <pitch>
     <step>G</step>
     <octave>4</octave>
    </pitch>
    <duration>64</duration>
    <instrument id="P1-I1" />
    <voice>2</voice>
    <type>16th</type>
    <stem>up</stem>
    <staff>1</staff>
    <beam number="1">begin</beam>
    <beam number="2">begin</beam>
   </note>
   <note color="#000000" default-x="232">
    <chord />
    <pitch>
     <step>B</step>
     <alter>-1</alter>
     <octave>4</octave>
    </pitch>
    <duration>64</duration>
    <instrument id="P1-I1" />
    <type>16th</type>
    <staff>1</staff>
   </note>
   <note color="#000000" default-x="270" default-y="12">
    <pitch>
     <step>F</step>
     <octave>4</octave>
    </pitch>
    <duration>64</duration>
    <instrument id="P1-I1" />
    <voice>2</voice>
    <type>16th</type>
    <accidental>natural</accidental>
    <stem>up</stem>
    <staff>1</staff>
    <beam number="1">continue</beam>
    <beam number="2">continue</beam>
   </note>
   <note color="#000000" default-x="270">
    <chord />
    <pitch>
     <step>A</step>
     <octave>4</octave>
    </pitch>
    <duration>64</duration>
    <instrument id="P1-I1" />
    <type>16th</type>
    <staff>1</staff>
    <notations>
     <slur color="#000000" type="stop" orientation="over" />
    </notations>
   </note>
   <note color="#000000" default-x="308" default-y="12">
    <pitch>
     <step>F</step>
     <octave>4</octave>
    </pitch>
    <duration>96</duration>
    <instrument id="P1-I1" />
    <voice>2</voice>
    <type>16th</type>
    <dot />
    <stem>up</stem>
    <staff>1</staff>
    <beam number="1">continue</beam>
    <beam number="2">continue</beam>
    <notations>
     <slur color="#000000" type="start" orientation="under" />
    </notations>
   </note>
   <note color="#000000" default-x="308">
    <chord />
    <pitch>
     <step>A</step>
     <octave>4</octave>
    </pitch>
    <duration>64</duration>
    <instrument id="P1-I1" />
    <type>16th</type>
    <dot />
    <staff>1</staff>
   </note>
   <note color="#000000" default-x="351" default-y="12">
    <pitch>
     <step>B</step>
     <alter>-1</alter>
     <octave>3</octave>
    </pitch>
    <duration>32</duration>
    <instrument id="P1-I1" />
    <voice>2</voice>
    <type>32nd</type>
    <stem>up</stem>
    <staff>1</staff>
    <beam number="1">end</beam>
    <beam number="2">end</beam>
    <beam number="3">backward hook</beam>
   </note>
   <note color="#000000" default-x="351">
    <chord />
    <pitch>
     <step>E</step>
     <octave>4</octave>
    </pitch>
    <duration>32</duration>
    <instrument id="P1-I1" />
    <type>32nd</type>
    <accidental>natural</accidental>
    <staff>1</staff>
    <notations>
     <slur color="#000000" type="stop" orientation="under" />
    </notations>
   </note>
   <direction>
    <direction-type>
     <wedge default-x="11" default-y="-84" color="#000000" type="diminuendo" />
    </direction-type>
    <voice>2</voice>
    <staff>1</staff>
   </direction>
   <note color="#000000" default-x="384">
    <pitch>
     <step>D</step>
     <octave>4</octave>
    </pitch>
    <duration>256</duration>
    <tie type="start" />
    <instrument id="P1-I1" />
    <voice>2</voice>
    <type>quarter</type>
    <accidental>natural</accidental>
    <stem>up</stem>
    <staff>1</staff>
    <notations>
     <tied type="start" orientation="under" />
    </notations>
   </note>
   <note color="#000000" default-x="384">
    <chord />
    <pitch>
     <step>F</step>
     <octave>4</octave>
    </pitch>
    <duration>256</duration>
    <tie type="start" />
    <instrument id="P1-I1" />
    <type>quarter</type>
    <staff>1</staff>
    <notations>
     <tied type="start" orientation="over" />
    </notations>
   </note>
   <direction>
    <direction-type>
     <wedge default-x="-8" default-y="-84" color="#000000" type="stop" />
    </direction-type>
    <voice>2</voice>
    <staff>1</staff>
   </direction>
   <note color="#000000" default-x="453" default-y="9">
    <pitch>
     <step>D</step>
     <octave>4</octave>
    </pitch>
    <duration>64</duration>
    <tie type="stop" />
    <instrument id="P1-I1" />
    <voice>2</voice>
    <type>16th</type>
    <stem>up</stem>
    <staff>1</staff>
    <beam number="1">begin</beam>
    <beam number="2">begin</beam>
    <notations>
     <tied type="stop" orientation="under" />
    </notations>
   </note>
   <note color="#000000" default-x="453">
    <chord />
    <pitch>
     <step>F</step>
     <octave>4</octave>
    </pitch>
    <duration>64</duration>
    <tie type="stop" />
    <instrument id="P1-I1" />
    <type>16th</type>
    <staff>1</staff>
    <notations>
     <tied type="stop" orientation="over" />
    </notations>
   </note>
   <note color="#000000" default-x="492" default-y="9">
    <pitch>
     <step>C</step>
     <alter>1</alter>
     <octave>4</octave>
    </pitch>
    <duration>32</duration>
    <instrument id="P1-I1" />
    <voice>2</voice>
    <type>32nd</type>
    <accidental>sharp</accidental>
    <stem>up</stem>
    <staff>1</staff>
    <beam number="1">continue</beam>
    <beam number="2">continue</beam>
    <beam number="3">begin</beam>
    <notations>
     <slur color="#000000" type="start" orientation="under" />
    </notations>
   </note>
   <note color="#000000" default-x="492">
    <chord />
    <pitch>
     <step>E</step>
     <alter>-1</alter>
     <octave>4</octave>
    </pitch>
    <duration>32</duration>
    <instrument id="P1-I1" />
    <type>32nd</type>
    <accidental>flat</accidental>
    <staff>1</staff>
   </note>
   <note color="#000000" default-x="524" default-y="9">
    <pitch>
     <step>D</step>
     <octave>4</octave>
    </pitch>
    <duration>32</duration>
    <instrument id="P1-I1" />
    <voice>2</voice>
    <type>32nd</type>
    <stem>up</stem>
    <staff>1</staff>
    <beam number="1">continue</beam>
    <beam number="2">end</beam>
    <beam number="3">end</beam>
   </note>
   <note color="#000000" default-x="524">
    <chord />
    <pitch>
     <step>F</step>
     <octave>4</octave>
    </pitch>
    <duration>32</duration>
    <instrument id="P1-I1" />
    <type>32nd</type>
    <staff>1</staff>
    <notations>
     <slur color="#000000" type="stop" orientation="under" />
    </notations>
   </note>
   <note color="#000000" default-x="557" default-y="9">
    <pitch>
     <step>C</step>
     <alter>1</alter>
     <octave>4</octave>
    </pitch>
    <duration>32</duration>
    <instrument id="P1-I1" />
    <voice>2</voice>
    <type>32nd</type>
    <stem>up</stem>
    <staff>1</staff>
    <beam number="1">continue</beam>
    <beam number="2">begin</beam>
    <beam number="3">begin</beam>
    <notations>
     <slur color="#000000" type="start" orientation="under" />
    </notations>
   </note>
   <note color="#000000" default-x="557">
    <chord />
    <pitch>
     <step>E</step>
     <alter>-1</alter>
     <octave>4</octave>
    </pitch>
    <duration>32</duration>
    <instrument id="P1-I1" />
    <type>32nd</type>
    <staff>1</staff>
   </note>
   <note color="#000000" default-x="589" default-y="9">
    <pitch>
     <step>D</step>
     <octave>4</octave>
    </pitch>
    <duration>32</duration>
    <instrument id="P1-I1" />
    <voice>2</voice>
    <type>32nd</type>
    <stem>up</stem>
    <staff>1</staff>
    <beam number="1">continue</beam>
    <beam number="2">continue</beam>
    <beam number="3">continue</beam>
   </note>
   <note color="#000000" default-x="589">
    <chord />
    <pitch>
     <step>F</step>
     <octave>4</octave>
    </pitch>
    <duration>32</duration>
    <instrument id="P1-I1" />
    <type>32nd</type>
    <staff>1</staff>
    <notations>
     <slur color="#000000" type="stop" orientation="under" />
    </notations>
   </note>
   <note color="#000000" default-x="622" default-y="9">
    <pitch>
     <step>C</step>
     <alter>1</alter>
     <octave>4</octave>
    </pitch>
    <duration>32</duration>
    <instrument id="P1-I1" />
    <voice>2</voice>
    <type>32nd</type>
    <stem>up</stem>
    <staff>1</staff>
    <beam number="1">continue</beam>
    <beam number="2">continue</beam>
    <beam number="3">continue</beam>
    <notations>
     <slur color="#000000" type="start" orientation="under" />
    </notations>
   </note>
   <note color="#000000" default-x="622">
    <chord />
    <pitch>
     <step>E</step>
     <alter>-1</alter>
     <octave>4</octave>
    </pitch>
    <duration>32</duration>
    <instrument id="P1-I1" />
    <type>32nd</type>
    <staff>1</staff>
   </note>
   <note color="#000000" default-x="654" default-y="9">
    <pitch>
     <step>D</step>
     <octave>4</octave>
    </pitch>
    <duration>32</duration>
    <instrument id="P1-I1" />
    <voice>2</voice>
    <type>32nd</type>
    <stem>up</stem>
    <staff>1</staff>
    <beam number="1">end</beam>
    <beam number="2">end</beam>
    <beam number="3">end</beam>
   </note>
   <note color="#000000" default-x="654">
    <chord />
    <pitch>
     <step>F</step>
     <octave>4</octave>
    </pitch>
    <duration>32</duration>
    <instrument id="P1-I1" />
    <type>32nd</type>
    <staff>1</staff>
    <notations>
     <slur color="#000000" type="stop" orientation="under" />
    </notations>
   </note>
   <backup>
    <duration>512</duration>
   </backup>
   <direction>
    <direction-type>
     <wedge default-x="16" default-y="-131" color="#000000" type="diminuendo" number="2" />
    </direction-type>
    <voice>1</voice>
    <staff>2</staff>
   </direction>
   <backup>
    <duration>512</duration>
   </backup>
   <note default-x="80">
    <rest />
    <duration>512</duration>
    <instrument id="P1-I1" />
    <voice>4</voice>
    <type>half</type>
    <staff>2</staff>
   </note>
   <direction>
    <direction-type>
     <words default-x="334" default-y="-22" justify="left" valign="middle" font-family="Plantin MT Std" font-style="normal" font-size="11.9365" font-weight="normal">+hn</words>
    </direction-type>
    <offset sound="no">-32</offset>
    <voice>4</voice>
    <staff>2</staff>
   </direction>
   <direction>
    <direction-type>
     <words default-x="366" default-y="-112" justify="left" valign="middle" font-family="Plantin MT Std" font-style="normal" font-size="11.9365" font-weight="normal">(timp...................................................................................)</words>
    </direction-type>
    <offset sound="no">-32</offset>
    <voice>4</voice>
    <staff>2</staff>
   </direction>
   <direction>
    <direction-type>
     <dynamics default-x="378" default-y="-75" color="#000000" font-family="Opus Text Std" font-style="normal" font-size="11.9365" font-weight="normal">
      <mp />
     </dynamics>
    </direction-type>
    <voice>4</voice>
    <staff>2</staff>
   </direction>
   <direction>
    <direction-type>
     <dynamics default-x="382" default-y="-137" color="#000000" font-family="Opus Text Std" font-style="normal" font-size="11.9365" font-weight="normal">
      <p />
     </dynamics>
    </direction-type>
    <voice>4</voice>
    <staff>2</staff>
   </direction>
   <direction>
    <direction-type>
     <words default-x="675" default-y="-73" justify="left" valign="middle" font-family="Plantin MT Std" font-style="normal" font-size="11.9365" font-weight="normal">fg</words>
    </direction-type>
    <offset sound="no">511</offset>
    <voice>4</voice>
    <staff>2</staff>
   </direction>
   <note color="#000000" default-x="384" default-y="-60">
    <pitch>
     <step>B</step>
     <alter>-1</alter>
     <octave>2</octave>
    </pitch>
    <duration>512</duration>
    <tie type="start" />
    <instrument id="P1-I1" />
    <voice>4</voice>
    <type>half</type>
    <stem>down</stem>
    <staff>2</staff>
    <notations>
     <tied type="start" orientation="under" />
    </notations>
   </note>
   <note color="#000000" default-x="384">
    <chord />
    <pitch>
     <step>F</step>
     <octave>3</octave>
    </pitch>
    <duration>512</duration>
    <tie type="start" />
    <instrument id="P1-I1" />
    <type>half</type>
    <staff>2</staff>
    <notations>
     <tied type="start" orientation="over" />
    </notations>
   </note>
   <note color="#000000" default-x="384">
    <chord />
    <pitch>
     <step>B</step>
     <alter>-1</alter>
     <octave>3</octave>
    </pitch>
    <duration>512</duration>
    <instrument id="P1-I1" />
    <type>half</type>
    <staff>2</staff>
   </note>
  </measure>
  <!--============== Part: P1, Measure: 5 ==============-->
  <measure number="5" width="353">
   <attributes />
   <direction>
    <direction-type>
     <dynamics default-x="15" default-y="-85" color="#000000" font-family="Opus Text Std" font-style="normal" font-size="11.9365" font-weight="normal">
      <p />
     </dynamics>
    </direction-type>
    <voice>1</voice>
    <staff>1</staff>
   </direction>
   <note color="#000000" default-x="15" default-y="2">
    <pitch>
     <step>D</step>
     <octave>4</octave>
    </pitch>
    <duration>64</duration>
    <instrument id="P1-I1" />
    <voice>1</voice>
    <type>16th</type>
    <stem>up</stem>
    <staff>1</staff>
    <beam number="1">begin</beam>
    <beam number="2">begin</beam>
    <notations>
     <slur color="#000000" type="start" orientation="under" />
    </notations>
   </note>
   <note color="#000000" default-x="15">
    <chord />
    <pitch>
     <step>F</step>
     <octave>4</octave>
    </pitch>
    <duration>64</duration>
    <instrument id="P1-I1" />
    <type>16th</type>
    <staff>1</staff>
   </note>
   <note color="#000000" default-x="53" default-y="2">
    <pitch>
     <step>B</step>
     <alter>-1</alter>
     <octave>3</octave>
    </pitch>
    <duration>64</duration>
    <instrument id="P1-I1" />
    <voice>1</voice>
    <type>16th</type>
    <stem>up</stem>
    <staff>1</staff>
    <beam number="1">end</beam>
    <beam number="2">end</beam>
    <notations>
     <slur color="#000000" type="stop" orientation="under" />
    </notations>
   </note>
   <note default-x="90">
    <rest />
    <duration>128</duration>
    <instrument id="P1-I1" />
    <voice>1</voice>
    <type>eighth</type>
    <staff>1</staff>
   </note>
   <attributes>
    <clef number="1" color="#000000">
     <sign>F</sign>
     <line>4</line>
    </clef>
   </attributes>
   <note default-x="147">
    <rest />
    <duration>256</duration>
    <instrument id="P1-I1" />
    <voice>1</voice>
    <type>quarter</type>
    <staff>1</staff>
   </note>
   <direction>
    <direction-type>
     <words default-x="186" default-y="-33" justify="left" valign="middle" font-family="Plantin MT Std" font-style="normal" font-size="11.9365" font-weight="normal">hn</words>
    </direction-type>
    <offset sound="no">-84</offset>
    <voice>1</voice>
    <staff>1</staff>
   </direction>
   <direction>
    <direction-type>
     <words default-x="231" default-y="-95" justify="left" valign="middle" font-family="Plantin MT Std" font-style="italic" font-size="11.9365" font-weight="normal">dim.</words>
    </direction-type>
    <offset sound="no">58</offset>
    <voice>1</voice>
    <staff>1</staff>
   </direction>
   <note default-x="215">
    <rest />
    <duration>256</duration>
    <instrument id="P1-I1" />
    <voice>1</voice>
    <type>quarter</type>
    <staff>1</staff>
   </note>
   <direction>
    <direction-type>
     <words default-x="255" default-y="-22" justify="left" valign="middle" font-family="Plantin MT Std" font-style="normal" font-size="11.9365" font-weight="normal">hn</words>
    </direction-type>
    <offset sound="no">-96</offset>
    <voice>1</voice>
    <staff>1</staff>
   </direction>
   <note color="#000000" default-x="284" default-y="15">
    <pitch>
     <step>D</step>
     <octave>3</octave>
    </pitch>
    <duration>256</duration>
    <tie type="start" />
    <instrument id="P1-I1" />
    <voice>1</voice>
    <type>quarter</type>
    <stem>up</stem>
    <staff>1</staff>
    <notations>
     <tied type="start" orientation="over" />
     <articulations>
      <accent />
     </articulations>
    </notations>
   </note>
   <backup>
    <duration>512</duration>
   </backup>
   <note color="#000000" default-x="215" default-y="-60">
    <pitch>
     <step>B</step>
     <alter>-1</alter>
     <octave>2</octave>
    </pitch>
    <duration>512</duration>
    <tie type="start" />
    <instrument id="P1-I1" />
    <voice>2</voice>
    <type>half</type>
    <stem>down</stem>
    <staff>1</staff>
    <notations>
     <tied type="start" orientation="under" />
     <articulations>
      <accent />
     </articulations>
    </notations>
   </note>
   <backup>
    <duration>768</duration>
   </backup>
   <note color="#000000" default-x="147" default-y="-72">
    <pitch>
     <step>F</step>
     <octave>2</octave>
    </pitch>
    <duration>768</duration>
    <tie type="start" />
    <instrument id="P1-I1" />
    <voice>3</voice>
    <type>half</type>
    <dot />
    <stem>down</stem>
    <staff>1</staff>
    <notations>
     <tied type="start" orientation="under" />
     <articulations>
      <accent />
     </articulations>
    </notations>
   </note>
   <backup>
    <duration>512</duration>
   </backup>
   <direction>
    <direction-type>
     <wedge default-y="-131" color="#000000" type="stop" number="2" />
    </direction-type>
    <offset sound="no">76</offset>
    <voice>1</voice>
    <staff>2</staff>
   </direction>
   <backup>
    <duration>512</duration>
   </backup>
   <note color="#000000" default-x="15" default-y="20">
    <pitch>
     <step>B</step>
     <alter>-1</alter>
     <octave>2</octave>
    </pitch>
    <duration>128</duration>
    <tie type="stop" />
    <instrument id="P1-I1" />
    <voice>4</voice>
    <type>eighth</type>
    <stem>up</stem>
    <staff>2</staff>
    <notations>
     <tied type="stop" orientation="under" />
    </notations>
   </note>
   <note color="#000000" default-x="15">
    <chord />
    <pitch>
     <step>F</step>
     <octave>3</octave>
    </pitch>
    <duration>128</duration>
    <tie type="stop" />
    <instrument id="P1-I1" />
    <type>eighth</type>
    <staff>2</staff>
    <notations>
     <tied type="stop" orientation="over" />
    </notations>
   </note>
   <note default-x="90">
    <rest />
    <duration>128</duration>
    <instrument id="P1-I1" />
    <voice>4</voice>
    <type>eighth</type>
    <staff>2</staff>
   </note>
   <direction>
    <direction-type>
     <words default-x="123" default-y="55" justify="left" valign="middle" font-family="Plantin MT Std" font-style="normal" font-size="11.9365" font-weight="normal">fg</words>
    </direction-type>
    <offset sound="no">-54</offset>
    <voice>4</voice>
    <staff>2</staff>
   </direction>
   <note default-x="147">
    <rest />
    <duration>256</duration>
    <instrument id="P1-I1" />
    <voice>4</voice>
    <type>quarter</type>
    <staff>2</staff>
   </note>
   <direction>
    <direction-type>
     <dynamics default-x="244" default-y="-136" color="#000000" font-family="Opus Text Std" font-style="normal" font-size="11.9365" font-weight="normal">
      <ppp />
     </dynamics>
    </direction-type>
    <offset sound="no">105</offset>
    <voice>4</voice>
    <staff>2</staff>
   </direction>
   <note default-x="215">
    <rest />
    <duration>512</duration>
    <instrument id="P1-I1" />
    <voice>4</voice>
    <type>half</type>
    <staff>2</staff>
   </note>
   <backup>
    <duration>1024</duration>
   </backup>
   <note color="#000000" default-x="15">
    <pitch>
     <step>B</step>
     <alter>-1</alter>
     <octave>1</octave>
    </pitch>
    <duration>1024</duration>
    <tie type="start" />
    <instrument id="P1-I1" />
    <voice>5</voice>
    <type>whole</type>
    <staff>2</staff>
    <notations>
     <tied type="start" orientation="under" />
     <articulations>
      <accent />
     </articulations>
    </notations>
   </note>
  </measure>
 </part>
</score-partwise>
