<?xml version="1.0" encoding='UTF-8' standalone='no' ?>
<!DOCTYPE score-partwise PUBLIC "-//Recordare//DTD MusicXML 3.0 Partwise//EN" "http://www.musicxml.org/dtds/partwise.dtd">
<score-partwise version="3.0">
 <work>
  <work-title>Sonate No.1</work-title>
 </work>
 <identification>
  <creator type="composer">Jahannes Brahms, Op. 78 </creator>
  <encoding>
   <encoding-date>2018-01-09</encoding-date>
   <encoder>Lucas Wong</encoder>
   <software>Sibelius 8.7.2</software>
   <software>Direct export, not from Dolet</software>
   <encoding-description>Sibelius / MusicXML 3.0</encoding-description>
   <supports element="print" type="yes" value="yes" attribute="new-system" />
   <supports element="print" type="yes" value="yes" attribute="new-page" />
   <supports element="accidental" type="yes" />
   <supports element="beam" type="yes" />
   <supports element="stem" type="yes" />
  </encoding>
 </identification>
 <defaults>
  <scaling>
   <millimeters>215.9</millimeters>
   <tenths>1328</tenths>
  </scaling>
  <page-layout>
   <page-height>1719</page-height>
   <page-width>1328</page-width>
   <page-margins type="both">
    <left-margin>61</left-margin>
    <right-margin>61</right-margin>
    <top-margin>61</top-margin>
    <bottom-margin>123</bottom-margin>
   </page-margins>
  </page-layout>
  <system-layout>
   <system-margins>
    <left-margin>63</left-margin>
    <right-margin>0</right-margin>
   </system-margins>
   <system-distance>92</system-distance>
  </system-layout>
  <appearance>
   <line-width type="stem">0.9375</line-width>
   <line-width type="beam">5</line-width>
   <line-width type="staff">0.9375</line-width>
   <line-width type="light barline">1.5625</line-width>
   <line-width type="heavy barline">5</line-width>
   <line-width type="leger">1.5625</line-width>
   <line-width type="ending">1.5625</line-width>
   <line-width type="wedge">1.25</line-width>
   <line-width type="enclosure">0.9375</line-width>
   <line-width type="tuplet bracket">1.25</line-width>
   <line-width type="bracket">5</line-width>
   <line-width type="dashes">1.5625</line-width>
   <line-width type="extend">0.9375</line-width>
   <line-width type="octave shift">1.5625</line-width>
   <line-width type="pedal">1.5625</line-width>
   <line-width type="slur middle">1.5625</line-width>
   <line-width type="slur tip">0.625</line-width>
   <line-width type="tie middle">1.5625</line-width>
   <line-width type="tie tip">0.625</line-width>
   <note-size type="cue">75</note-size>
   <note-size type="grace">60</note-size>
  </appearance>
  <music-font font-family="Opus Std" font-size="18.4252" />
  <lyric-font font-family="FreeSerif" font-size="10.6521" />
  <lyric-language xml:lang="en" />
 </defaults>
 <part-list>
  <score-part id="P1">
   <part-name>Clarinet in Bb</part-name>
   <part-name-display>
    <display-text>Clarinet in Bb</display-text>
   </part-name-display>
   <part-abbreviation>Vln.</part-abbreviation>
   <part-abbreviation-display>
    <display-text>Vln.</display-text>
   </part-abbreviation-display>
   <score-instrument id="P1-I1">
    <instrument-name>Violin</instrument-name>
    <instrument-sound>strings.violin</instrument-sound>
    <solo />
    <virtual-instrument>
     <virtual-library>General MIDI</virtual-library>
     <virtual-name>Violin</virtual-name>
    </virtual-instrument>
   </score-instrument>
  </score-part>
  <part-group type="start" number="1">
   <group-symbol>brace</group-symbol>
  </part-group>
  <score-part id="P2">
   <part-name>Piano</part-name>
   <part-name-display>
    <display-text>Piano</display-text>
   </part-name-display>
   <part-abbreviation>Pno.</part-abbreviation>
   <part-abbreviation-display>
    <display-text>Pno.</display-text>
   </part-abbreviation-display>
   <score-instrument id="P2-I1">
    <instrument-name>Piano (2)</instrument-name>
    <instrument-sound>keyboard.piano.grand</instrument-sound>
    <solo />
    <virtual-instrument>
     <virtual-library>General MIDI</virtual-library>
     <virtual-name>Acoustic Piano</virtual-name>
    </virtual-instrument>
   </score-instrument>
  </score-part>
  <part-group type="stop" number="1" />
 </part-list>
 <part id="P1">
  <!--============== Part: P1, Measure: 1 ==============-->
  <measure number="1" width="237">
   <print new-page="yes">
    <system-layout>
     <system-margins>
      <left-margin>157</left-margin>
      <right-margin>0</right-margin>
     </system-margins>
     <top-system-distance>85</top-system-distance>
    </system-layout>
   </print>
   <attributes>
    <divisions>256</divisions>
    <key color="#000000">
     <fifths>-2</fifths>
     <mode>major</mode>
    </key>
    <time color="#000000">
     <beats>2</beats>
     <beat-type>4</beat-type>
    </time>
    <staves>1</staves>
    <clef number="1" color="#000000">
     <sign>G</sign>
     <line>2</line>
    </clef>
    <staff-details number="1" print-object="yes" />
   </attributes>
   <direction>
    <direction-type>
     <words default-x="-167" default-y="61" justify="left" valign="middle" font-family="FreeSerif" font-style="normal" font-size="9.9323" font-weight="normal">Johannes Brahms&apos;s Clarinet Sonata in F minor op. 120 no. 1: II -- mm. 1-12</words>
    </direction-type>
    <voice>1</voice>
    <staff>1</staff>
   </direction>
   <direction>
    <direction-type>
     <words default-x="104" default-y="-70" justify="left" valign="middle" font-family="FreeSerif" font-style="italic" font-size="11.0839" font-weight="normal">poco </words>
    </direction-type>
    <voice>1</voice>
    <staff>1</staff>
   </direction>
   <direction>
    <direction-type>
     <dynamics default-y="-70" relative-x="52" color="#000000" font-family="Opus Text Std" font-style="normal" font-size="11.0839" font-weight="normal">
      <f />
     </dynamics>
    </direction-type>
    <voice>1</voice>
    <staff>1</staff>
   </direction>
   <direction>
    <direction-type>
     <words default-y="30" relative-y="26" justify="left" valign="middle" font-family="FreeSerif" font-style="normal" font-size="12.0915" font-weight="bold">Andante un poco Adagio</words>
    </direction-type>
    <voice>1</voice>
    <staff>1</staff>
   </direction>
   <direction>
    <direction-type>
     <metronome default-y="30" color="#000000" font-family="FreeSerif" font-style="normal" font-size="12.0915" font-weight="bold">
      <beat-unit>quarter</beat-unit>
      <per-minute>80</per-minute>
     </metronome>
    </direction-type>
    <voice>1</voice>
    <staff>1</staff>
   </direction>
   <note color="#000000" default-x="110" default-y="-35">
    <pitch>
     <step>F</step>
     <octave>5</octave>
    </pitch>
    <duration>384</duration>
    <instrument id="P1-I1" />
    <voice>1</voice>
    <type>quarter</type>
    <dot />
    <stem>down</stem>
    <staff>1</staff>
   </note>
   <note color="#000000" default-x="207" default-y="-35">
    <pitch>
     <step>F</step>
     <octave>5</octave>
    </pitch>
    <duration>128</duration>
    <instrument id="P1-I1" />
    <voice>1</voice>
    <type>eighth</type>
    <stem>down</stem>
    <staff>1</staff>
   </note>
  </measure>
  <!--============== Part: P1, Measure: 2 ==============-->
  <measure number="2" width="240">
   <note color="#000000" default-x="17" default-y="-40">
    <pitch>
     <step>E</step>
     <alter>-1</alter>
     <octave>5</octave>
    </pitch>
    <duration>256</duration>
    <tie type="start" />
    <instrument id="P1-I1" />
    <voice>1</voice>
    <type>quarter</type>
    <stem>down</stem>
    <staff>1</staff>
    <notations>
     <tied type="start" orientation="over" />
    </notations>
   </note>
   <note color="#000000" default-x="90" default-y="-62">
    <pitch>
     <step>E</step>
     <alter>-1</alter>
     <octave>5</octave>
    </pitch>
    <duration>64</duration>
    <tie type="stop" />
    <instrument id="P1-I1" />
    <voice>1</voice>
    <type>16th</type>
    <stem>down</stem>
    <staff>1</staff>
    <beam number="1">begin</beam>
    <beam number="2">begin</beam>
    <notations>
     <tied type="stop" orientation="over" />
    </notations>
   </note>
   <note color="#000000" default-x="114" default-y="-62">
    <pitch>
     <step>E</step>
     <alter>-1</alter>
     <octave>5</octave>
    </pitch>
    <duration>32</duration>
    <instrument id="P1-I1" />
    <voice>1</voice>
    <type>32nd</type>
    <stem>down</stem>
    <staff>1</staff>
    <beam number="1">continue</beam>
    <beam number="2">continue</beam>
    <beam number="3">begin</beam>
    <notations>
     <slur color="#000000" type="start" orientation="over" />
    </notations>
   </note>
   <note color="#000000" default-x="134" default-y="-62">
    <pitch>
     <step>D</step>
     <octave>5</octave>
    </pitch>
    <duration>32</duration>
    <instrument id="P1-I1" />
    <voice>1</voice>
    <type>32nd</type>
    <stem>down</stem>
    <staff>1</staff>
    <beam number="1">continue</beam>
    <beam number="2">end</beam>
    <beam number="3">end</beam>
   </note>
   <note color="#000000" default-x="154" default-y="-62">
    <pitch>
     <step>C</step>
     <octave>5</octave>
    </pitch>
    <duration>32</duration>
    <instrument id="P1-I1" />
    <voice>1</voice>
    <type>32nd</type>
    <stem>down</stem>
    <staff>1</staff>
    <beam number="1">continue</beam>
    <beam number="2">begin</beam>
    <beam number="3">begin</beam>
   </note>
   <note color="#000000" default-x="180" default-y="-62">
    <pitch>
     <step>B</step>
     <octave>4</octave>
    </pitch>
    <duration>32</duration>
    <instrument id="P1-I1" />
    <voice>1</voice>
    <type>32nd</type>
    <accidental>natural</accidental>
    <stem>down</stem>
    <staff>1</staff>
    <beam number="1">continue</beam>
    <beam number="2">continue</beam>
    <beam number="3">continue</beam>
   </note>
   <note color="#000000" default-x="200" default-y="-62">
    <pitch>
     <step>C</step>
     <octave>5</octave>
    </pitch>
    <duration>32</duration>
    <instrument id="P1-I1" />
    <voice>1</voice>
    <type>32nd</type>
    <stem>down</stem>
    <staff>1</staff>
    <beam number="1">continue</beam>
    <beam number="2">continue</beam>
    <beam number="3">continue</beam>
   </note>
   <note color="#000000" default-x="220" default-y="-62">
    <pitch>
     <step>D</step>
     <octave>5</octave>
    </pitch>
    <duration>32</duration>
    <instrument id="P1-I1" />
    <voice>1</voice>
    <type>32nd</type>
    <stem>down</stem>
    <staff>1</staff>
    <beam number="1">end</beam>
    <beam number="2">end</beam>
    <beam number="3">end</beam>
    <notations>
     <slur color="#000000" type="stop" orientation="over" />
    </notations>
   </note>
  </measure>
  <!--============== Part: P1, Measure: 3 ==============-->
  <measure number="3" width="141">
   <note color="#000000" default-x="15" default-y="-40">
    <pitch>
     <step>E</step>
     <alter>-1</alter>
     <octave>5</octave>
    </pitch>
    <duration>384</duration>
    <instrument id="P1-I1" />
    <voice>1</voice>
    <type>quarter</type>
    <dot />
    <stem>down</stem>
    <staff>1</staff>
   </note>
   <note color="#000000" default-x="110" default-y="-40">
    <pitch>
     <step>E</step>
     <alter>-1</alter>
     <octave>5</octave>
    </pitch>
    <duration>128</duration>
    <instrument id="P1-I1" />
    <voice>1</voice>
    <type>eighth</type>
    <stem>down</stem>
    <staff>1</staff>
   </note>
  </measure>
  <!--============== Part: P1, Measure: 4 ==============-->
  <measure number="4" width="235">
   <note color="#000000" default-x="15" default-y="-45">
    <pitch>
     <step>D</step>
     <octave>5</octave>
    </pitch>
    <duration>256</duration>
    <tie type="start" />
    <instrument id="P1-I1" />
    <voice>1</voice>
    <type>quarter</type>
    <stem>down</stem>
    <staff>1</staff>
    <notations>
     <tied type="start" orientation="over" />
    </notations>
   </note>
   <note color="#000000" default-x="84" default-y="-59">
    <pitch>
     <step>D</step>
     <octave>5</octave>
    </pitch>
    <duration>64</duration>
    <tie type="stop" />
    <instrument id="P1-I1" />
    <voice>1</voice>
    <type>16th</type>
    <stem>down</stem>
    <staff>1</staff>
    <beam number="1">begin</beam>
    <beam number="2">begin</beam>
    <notations>
     <tied type="stop" orientation="over" />
    </notations>
   </note>
   <note color="#000000" default-x="107" default-y="-59">
    <pitch>
     <step>E</step>
     <alter>-1</alter>
     <octave>5</octave>
    </pitch>
    <duration>32</duration>
    <instrument id="P1-I1" />
    <voice>1</voice>
    <type>32nd</type>
    <stem>down</stem>
    <staff>1</staff>
    <beam number="1">continue</beam>
    <beam number="2">continue</beam>
    <beam number="3">begin</beam>
    <notations>
     <slur color="#000000" type="start" orientation="over" />
    </notations>
   </note>
   <note color="#000000" default-x="135" default-y="-59">
    <pitch>
     <step>D</step>
     <alter>-1</alter>
     <octave>5</octave>
    </pitch>
    <duration>32</duration>
    <instrument id="P1-I1" />
    <voice>1</voice>
    <type>32nd</type>
    <accidental>flat</accidental>
    <stem>down</stem>
    <staff>1</staff>
    <beam number="1">continue</beam>
    <beam number="2">end</beam>
    <beam number="3">end</beam>
   </note>
   <note color="#000000" default-x="155" default-y="-59">
    <pitch>
     <step>C</step>
     <octave>5</octave>
    </pitch>
    <duration>32</duration>
    <instrument id="P1-I1" />
    <voice>1</voice>
    <type>32nd</type>
    <stem>down</stem>
    <staff>1</staff>
    <beam number="1">continue</beam>
    <beam number="2">begin</beam>
    <beam number="3">begin</beam>
   </note>
   <note color="#000000" default-x="175" default-y="-59">
    <pitch>
     <step>B</step>
     <alter>-1</alter>
     <octave>4</octave>
    </pitch>
    <duration>32</duration>
    <instrument id="P1-I1" />
    <voice>1</voice>
    <type>32nd</type>
    <stem>down</stem>
    <staff>1</staff>
    <beam number="1">continue</beam>
    <beam number="2">continue</beam>
    <beam number="3">continue</beam>
   </note>
   <note color="#000000" default-x="195" default-y="-59">
    <pitch>
     <step>C</step>
     <octave>5</octave>
    </pitch>
    <duration>32</duration>
    <instrument id="P1-I1" />
    <voice>1</voice>
    <type>32nd</type>
    <stem>down</stem>
    <staff>1</staff>
    <beam number="1">continue</beam>
    <beam number="2">continue</beam>
    <beam number="3">continue</beam>
   </note>
   <note color="#000000" default-x="215" default-y="-59">
    <pitch>
     <step>D</step>
     <alter>-1</alter>
     <octave>5</octave>
    </pitch>
    <duration>32</duration>
    <instrument id="P1-I1" />
    <voice>1</voice>
    <type>32nd</type>
    <stem>down</stem>
    <staff>1</staff>
    <beam number="1">end</beam>
    <beam number="2">end</beam>
    <beam number="3">end</beam>
    <notations>
     <slur color="#000000" type="stop" orientation="over" />
    </notations>
   </note>
  </measure>
  <!--============== Part: P1, Measure: 5 ==============-->
  <measure number="5" width="194">
   <note color="#000000" default-x="15" default-y="5">
    <pitch>
     <step>G</step>
     <octave>4</octave>
    </pitch>
    <duration>256</duration>
    <instrument id="P1-I1" />
    <voice>1</voice>
    <type>quarter</type>
    <stem>up</stem>
    <staff>1</staff>
   </note>
   <note color="#000000" default-x="76" default-y="-62">
    <pitch>
     <step>B</step>
     <alter>-1</alter>
     <octave>5</octave>
    </pitch>
    <duration>128</duration>
    <tie type="start" />
    <instrument id="P1-I1" />
    <voice>1</voice>
    <type>eighth</type>
    <stem>down</stem>
    <staff>1</staff>
    <beam number="1">begin</beam>
    <notations>
     <tied type="start" orientation="over" />
    </notations>
   </note>
   <note color="#000000" default-x="106" default-y="-62">
    <pitch>
     <step>B</step>
     <alter>-1</alter>
     <octave>5</octave>
    </pitch>
    <duration>32</duration>
    <tie type="stop" />
    <instrument id="P1-I1" />
    <voice>1</voice>
    <type>32nd</type>
    <stem>down</stem>
    <staff>1</staff>
    <beam number="1">continue</beam>
    <beam number="2">begin</beam>
    <beam number="3">begin</beam>
    <notations>
     <tied type="stop" orientation="over" />
    </notations>
   </note>
   <note color="#000000" default-x="126" default-y="-62">
    <pitch>
     <step>B</step>
     <alter>-1</alter>
     <octave>4</octave>
    </pitch>
    <duration>32</duration>
    <instrument id="P1-I1" />
    <voice>1</voice>
    <type>32nd</type>
    <stem>down</stem>
    <staff>1</staff>
    <beam number="1">continue</beam>
    <beam number="2">continue</beam>
    <beam number="3">continue</beam>
    <notations>
     <slur color="#000000" type="start" orientation="over" />
    </notations>
   </note>
   <note color="#000000" default-x="146" default-y="-62">
    <pitch>
     <step>C</step>
     <octave>5</octave>
    </pitch>
    <duration>32</duration>
    <instrument id="P1-I1" />
    <voice>1</voice>
    <type>32nd</type>
    <stem>down</stem>
    <staff>1</staff>
    <beam number="1">continue</beam>
    <beam number="2">continue</beam>
    <beam number="3">continue</beam>
   </note>
   <note color="#000000" default-x="174" default-y="-62">
    <pitch>
     <step>D</step>
     <alter>-1</alter>
     <octave>5</octave>
    </pitch>
    <duration>32</duration>
    <instrument id="P1-I1" />
    <voice>1</voice>
    <type>32nd</type>
    <accidental>flat</accidental>
    <stem>down</stem>
    <staff>1</staff>
    <beam number="1">end</beam>
    <beam number="2">end</beam>
    <beam number="3">end</beam>
    <notations>
     <slur color="#000000" type="stop" orientation="over" />
    </notations>
   </note>
  </measure>
  <!--============== Part: P1, Measure: 6 ==============-->
  <measure number="6" width="285">
   <print new-system="yes">
    <system-layout>
     <system-margins>
      <left-margin>7</left-margin>
      <right-margin>0</right-margin>
     </system-margins>
     <system-distance>157</system-distance>
    </system-layout>
   </print>
   <attributes>
    <staff-details number="1" print-object="yes" />
   </attributes>
   <note color="#000000" default-x="91" default-y="10">
    <pitch>
     <step>A</step>
     <octave>4</octave>
    </pitch>
    <duration>256</duration>
    <instrument id="P1-I1" />
    <voice>1</voice>
    <type>quarter</type>
    <stem>up</stem>
    <staff>1</staff>
   </note>
   <note color="#000000" default-x="159" default-y="-54">
    <pitch>
     <step>A</step>
     <octave>5</octave>
    </pitch>
    <duration>128</duration>
    <tie type="start" />
    <instrument id="P1-I1" />
    <voice>1</voice>
    <type>eighth</type>
    <stem>down</stem>
    <staff>1</staff>
    <beam number="1">begin</beam>
    <notations>
     <tied type="start" orientation="over" />
    </notations>
   </note>
   <note color="#000000" default-x="193" default-y="-54">
    <pitch>
     <step>A</step>
     <octave>5</octave>
    </pitch>
    <duration>32</duration>
    <tie type="stop" />
    <instrument id="P1-I1" />
    <voice>1</voice>
    <type>32nd</type>
    <stem>down</stem>
    <staff>1</staff>
    <beam number="1">continue</beam>
    <beam number="2">begin</beam>
    <beam number="3">begin</beam>
    <notations>
     <tied type="stop" orientation="over" />
    </notations>
   </note>
   <note color="#000000" default-x="215" default-y="-54">
    <pitch>
     <step>C</step>
     <octave>5</octave>
    </pitch>
    <duration>32</duration>
    <instrument id="P1-I1" />
    <voice>1</voice>
    <type>32nd</type>
    <stem>down</stem>
    <staff>1</staff>
    <beam number="1">continue</beam>
    <beam number="2">continue</beam>
    <beam number="3">continue</beam>
    <notations>
     <slur color="#000000" type="start" orientation="over" />
    </notations>
   </note>
   <note color="#000000" default-x="241" default-y="-54">
    <pitch>
     <step>D</step>
     <octave>5</octave>
    </pitch>
    <duration>32</duration>
    <instrument id="P1-I1" />
    <voice>1</voice>
    <type>32nd</type>
    <accidental>natural</accidental>
    <stem>down</stem>
    <staff>1</staff>
    <beam number="1">continue</beam>
    <beam number="2">continue</beam>
    <beam number="3">continue</beam>
   </note>
   <note color="#000000" default-x="263" default-y="-54">
    <pitch>
     <step>E</step>
     <alter>-1</alter>
     <octave>5</octave>
    </pitch>
    <duration>32</duration>
    <instrument id="P1-I1" />
    <voice>1</voice>
    <type>32nd</type>
    <stem>down</stem>
    <staff>1</staff>
    <beam number="1">end</beam>
    <beam number="2">end</beam>
    <beam number="3">end</beam>
    <notations>
     <slur color="#000000" type="stop" orientation="over" />
    </notations>
   </note>
  </measure>
  <!--============== Part: P1, Measure: 7 ==============-->
  <measure number="7" width="153">
   <direction>
    <direction-type>
     <words default-x="9" default-y="-70" justify="left" valign="middle" font-family="FreeSerif" font-style="italic" font-size="11.0839" font-weight="normal">espress.</words>
    </direction-type>
    <voice>1</voice>
    <staff>1</staff>
   </direction>
   <note color="#000000" default-x="15" default-y="-32">
    <pitch>
     <step>G</step>
     <octave>5</octave>
    </pitch>
    <duration>128</duration>
    <instrument id="P1-I1" />
    <voice>1</voice>
    <type>eighth</type>
    <stem>down</stem>
    <staff>1</staff>
    <beam number="1">begin</beam>
    <notations>
     <slur color="#000000" type="start" orientation="over" />
    </notations>
   </note>
   <note color="#000000" default-x="49" default-y="-32">
    <pitch>
     <step>F</step>
     <alter>1</alter>
     <octave>5</octave>
    </pitch>
    <duration>128</duration>
    <instrument id="P1-I1" />
    <voice>1</voice>
    <type>eighth</type>
    <accidental>sharp</accidental>
    <stem>down</stem>
    <staff>1</staff>
    <beam number="1">continue</beam>
   </note>
   <note color="#000000" default-x="83" default-y="-32">
    <pitch>
     <step>A</step>
     <octave>5</octave>
    </pitch>
    <duration>128</duration>
    <instrument id="P1-I1" />
    <voice>1</voice>
    <type>eighth</type>
    <stem>down</stem>
    <staff>1</staff>
    <beam number="1">continue</beam>
   </note>
   <note color="#000000" default-x="119" default-y="-32">
    <pitch>
     <step>G</step>
     <octave>5</octave>
    </pitch>
    <duration>128</duration>
    <instrument id="P1-I1" />
    <voice>1</voice>
    <type>eighth</type>
    <stem>down</stem>
    <staff>1</staff>
    <beam number="1">end</beam>
   </note>
  </measure>
  <!--============== Part: P1, Measure: 8 ==============-->
  <measure number="8" width="155">
   <note color="#000000" default-x="17" default-y="-39">
    <pitch>
     <step>F</step>
     <octave>5</octave>
    </pitch>
    <duration>128</duration>
    <instrument id="P1-I1" />
    <voice>1</voice>
    <type>eighth</type>
    <accidental>natural</accidental>
    <stem>down</stem>
    <staff>1</staff>
    <beam number="1">begin</beam>
   </note>
   <note color="#000000" default-x="51" default-y="-39">
    <pitch>
     <step>E</step>
     <octave>5</octave>
    </pitch>
    <duration>128</duration>
    <instrument id="P1-I1" />
    <voice>1</voice>
    <type>eighth</type>
    <accidental>natural</accidental>
    <stem>down</stem>
    <staff>1</staff>
    <beam number="1">continue</beam>
   </note>
   <note color="#000000" default-x="85" default-y="-39">
    <pitch>
     <step>G</step>
     <octave>5</octave>
    </pitch>
    <duration>128</duration>
    <instrument id="P1-I1" />
    <voice>1</voice>
    <type>eighth</type>
    <stem>down</stem>
    <staff>1</staff>
    <beam number="1">continue</beam>
   </note>
   <note color="#000000" default-x="121" default-y="-39">
    <pitch>
     <step>F</step>
     <octave>5</octave>
    </pitch>
    <duration>128</duration>
    <instrument id="P1-I1" />
    <voice>1</voice>
    <type>eighth</type>
    <stem>down</stem>
    <staff>1</staff>
    <beam number="1">end</beam>
    <notations>
     <slur color="#000000" type="stop" orientation="over" />
    </notations>
   </note>
  </measure>
  <!--============== Part: P1, Measure: 9 ==============-->
  <measure number="9" width="150">
   <note color="#000000" default-x="15" default-y="-67">
    <pitch>
     <step>E</step>
     <octave>5</octave>
    </pitch>
    <duration>128</duration>
    <instrument id="P1-I1" />
    <voice>1</voice>
    <type>eighth</type>
    <accidental>natural</accidental>
    <stem>down</stem>
    <staff>1</staff>
    <beam number="1">begin</beam>
    <notations>
     <slur color="#000000" type="start" orientation="over" />
    </notations>
   </note>
   <note color="#000000" default-x="49" default-y="-67">
    <pitch>
     <step>D</step>
     <octave>5</octave>
    </pitch>
    <duration>128</duration>
    <instrument id="P1-I1" />
    <voice>1</voice>
    <type>eighth</type>
    <stem>down</stem>
    <staff>1</staff>
    <beam number="1">continue</beam>
   </note>
   <note color="#000000" default-x="83" default-y="-67">
    <pitch>
     <step>B</step>
     <alter>-1</alter>
     <octave>4</octave>
    </pitch>
    <duration>128</duration>
    <instrument id="P1-I1" />
    <voice>1</voice>
    <type>eighth</type>
    <stem>down</stem>
    <staff>1</staff>
    <beam number="1">continue</beam>
   </note>
   <note color="#000000" default-x="116" default-y="-67">
    <pitch>
     <step>E</step>
     <octave>4</octave>
    </pitch>
    <duration>128</duration>
    <instrument id="P1-I1" />
    <voice>1</voice>
    <type>eighth</type>
    <accidental>natural</accidental>
    <stem>down</stem>
    <staff>1</staff>
    <beam number="1">end</beam>
    <notations>
     <slur color="#000000" type="stop" orientation="over" />
    </notations>
   </note>
  </measure>
  <!--============== Part: P1, Measure: 10 ==============-->
  <measure number="10" width="150">
   <note color="#000000" default-x="15">
    <pitch>
     <step>F</step>
     <octave>4</octave>
    </pitch>
    <duration>256</duration>
    <instrument id="P1-I1" />
    <voice>1</voice>
    <type>quarter</type>
    <stem>up</stem>
    <staff>1</staff>
   </note>
   <note default-x="83">
    <rest />
    <duration>256</duration>
    <instrument id="P1-I1" />
    <voice>1</voice>
    <type>quarter</type>
    <staff>1</staff>
   </note>
  </measure>
  <!--============== Part: P1, Measure: 11 ==============-->
  <measure number="11" width="151">
   <direction>
    <direction-type>
     <dynamics default-x="9" default-y="-73" color="#000000" font-family="Opus Text Std" font-style="normal" font-size="11.0839" font-weight="normal">
      <p />
     </dynamics>
    </direction-type>
    <voice>1</voice>
    <staff>1</staff>
   </direction>
   <note color="#000000" default-x="15" default-y="-67">
    <pitch>
     <step>E</step>
     <octave>5</octave>
    </pitch>
    <duration>128</duration>
    <instrument id="P1-I1" />
    <voice>1</voice>
    <type>eighth</type>
    <accidental>natural</accidental>
    <stem>down</stem>
    <staff>1</staff>
    <beam number="1">begin</beam>
    <notations>
     <slur color="#000000" type="start" orientation="over" />
    </notations>
   </note>
   <note color="#000000" default-x="49" default-y="-67">
    <pitch>
     <step>D</step>
     <octave>5</octave>
    </pitch>
    <duration>128</duration>
    <instrument id="P1-I1" />
    <voice>1</voice>
    <type>eighth</type>
    <stem>down</stem>
    <staff>1</staff>
    <beam number="1">continue</beam>
   </note>
   <note color="#000000" default-x="83" default-y="-67">
    <pitch>
     <step>B</step>
     <alter>-1</alter>
     <octave>4</octave>
    </pitch>
    <duration>128</duration>
    <instrument id="P1-I1" />
    <voice>1</voice>
    <type>eighth</type>
    <stem>down</stem>
    <staff>1</staff>
    <beam number="1">continue</beam>
   </note>
   <note color="#000000" default-x="117" default-y="-67">
    <pitch>
     <step>E</step>
     <octave>4</octave>
    </pitch>
    <duration>128</duration>
    <instrument id="P1-I1" />
    <voice>1</voice>
    <type>eighth</type>
    <accidental>natural</accidental>
    <stem>down</stem>
    <staff>1</staff>
    <beam number="1">end</beam>
    <notations>
     <slur color="#000000" type="stop" orientation="over" />
    </notations>
   </note>
  </measure>
  <!--============== Part: P1, Measure: 12 ==============-->
  <measure number="12" width="150">
   <note color="#000000" default-x="15" default-y="-62">
    <pitch>
     <step>F</step>
     <octave>4</octave>
    </pitch>
    <duration>128</duration>
    <instrument id="P1-I1" />
    <voice>1</voice>
    <type>eighth</type>
    <stem>down</stem>
    <staff>1</staff>
    <beam number="1">begin</beam>
    <notations>
     <slur color="#000000" type="start" orientation="over" />
    </notations>
   </note>
   <note color="#000000" default-x="49" default-y="-62">
    <pitch>
     <step>A</step>
     <octave>4</octave>
    </pitch>
    <duration>128</duration>
    <instrument id="P1-I1" />
    <voice>1</voice>
    <type>eighth</type>
    <stem>down</stem>
    <staff>1</staff>
    <beam number="1">continue</beam>
   </note>
   <note color="#000000" default-x="82" default-y="-62">
    <pitch>
     <step>C</step>
     <octave>5</octave>
    </pitch>
    <duration>128</duration>
    <instrument id="P1-I1" />
    <voice>1</voice>
    <type>eighth</type>
    <stem>down</stem>
    <staff>1</staff>
    <beam number="1">continue</beam>
   </note>
   <note color="#000000" default-x="116" default-y="-62">
    <pitch>
     <step>E</step>
     <octave>5</octave>
    </pitch>
    <duration>128</duration>
    <instrument id="P1-I1" />
    <voice>1</voice>
    <type>eighth</type>
    <accidental>natural</accidental>
    <stem>down</stem>
    <staff>1</staff>
    <beam number="1">end</beam>
    <notations>
     <slur color="#000000" type="stop" orientation="over" />
    </notations>
   </note>
  </measure>
 </part>
 <part id="P2">
  <!--============== Part: P2, Measure: 1 ==============-->
  <measure number="1" width="237">
   <print new-page="yes">
    <system-layout>
     <system-margins>
      <left-margin>157</left-margin>
      <right-margin>0</right-margin>
     </system-margins>
    </system-layout>
    <staff-layout number="2">
     <staff-distance>55</staff-distance>
    </staff-layout>
   </print>
   <attributes>
    <divisions>256</divisions>
    <key color="#000000">
     <fifths>-3</fifths>
     <mode>major</mode>
    </key>
    <time color="#000000">
     <beats>2</beats>
     <beat-type>4</beat-type>
    </time>
    <staves>2</staves>
    <clef number="1" color="#000000">
     <sign>F</sign>
     <line>4</line>
    </clef>
    <clef number="2" color="#000000">
     <sign>F</sign>
     <line>4</line>
    </clef>
    <staff-details number="1" print-object="yes" />
    <staff-details number="2" print-object="yes" />
   </attributes>
   <direction>
    <direction-type>
     <words default-x="104" default-y="-64" justify="left" valign="middle" font-family="FreeSerif" font-style="italic" font-size="11.0839" font-weight="normal">poco </words>
    </direction-type>
    <voice>1</voice>
    <staff>1</staff>
   </direction>
   <direction>
    <direction-type>
     <dynamics default-y="-64" relative-x="52" color="#000000" font-family="Opus Text Std" font-style="normal" font-size="11.0839" font-weight="normal">
      <f />
     </dynamics>
    </direction-type>
    <voice>1</voice>
    <staff>1</staff>
   </direction>
   <note color="#000000" default-x="110" default-y="-35">
    <pitch>
     <step>A</step>
     <alter>-1</alter>
     <octave>3</octave>
    </pitch>
    <duration>512</duration>
    <instrument id="P2-I1" />
    <voice>1</voice>
    <type>half</type>
    <stem>down</stem>
    <staff>1</staff>
   </note>
   <note color="#000000" default-x="110">
    <chord />
    <pitch>
     <step>C</step>
     <octave>4</octave>
    </pitch>
    <duration>512</duration>
    <instrument id="P2-I1" />
    <type>half</type>
    <staff>1</staff>
   </note>
   <backup>
    <duration>512</duration>
   </backup>
   <direction>
    <direction-type>
     <other-direction default-y="-123" print-object="no">System divider</other-direction>
    </direction-type>
    <voice>3</voice>
    <staff>2</staff>
   </direction>
   <note default-x="110">
    <rest />
    <duration>128</duration>
    <instrument id="P2-I1" />
    <voice>3</voice>
    <type>eighth</type>
    <staff>2</staff>
   </note>
   <note color="#000000" default-x="140" default-y="20">
    <pitch>
     <step>F</step>
     <octave>3</octave>
    </pitch>
    <duration>384</duration>
    <instrument id="P2-I1" />
    <voice>3</voice>
    <type>quarter</type>
    <dot />
    <stem>up</stem>
    <staff>2</staff>
   </note>
   <backup>
    <duration>384</duration>
   </backup>
   <note color="#000000" default-x="140" default-y="-45">
    <pitch>
     <step>F</step>
     <octave>3</octave>
    </pitch>
    <duration>128</duration>
    <instrument id="P2-I1" />
    <voice>4</voice>
    <type>eighth</type>
    <stem>down</stem>
    <staff>2</staff>
    <notations>
     <articulations>
      <detached-legato />
     </articulations>
    </notations>
   </note>
   <note color="#000000" default-x="183" default-y="-92">
    <pitch>
     <step>B</step>
     <alter>-1</alter>
     <octave>1</octave>
    </pitch>
    <duration>256</duration>
    <instrument id="P2-I1" />
    <voice>4</voice>
    <type>quarter</type>
    <stem>down</stem>
    <staff>2</staff>
   </note>
  </measure>
  <!--============== Part: P2, Measure: 2 ==============-->
  <measure number="2" width="240">
   <attributes />
   <note color="#000000" default-x="17" default-y="-35">
    <pitch>
     <step>A</step>
     <alter>-1</alter>
     <octave>3</octave>
    </pitch>
    <duration>512</duration>
    <instrument id="P2-I1" />
    <voice>1</voice>
    <type>half</type>
    <stem>down</stem>
    <staff>1</staff>
   </note>
   <note color="#000000" default-x="17">
    <chord />
    <pitch>
     <step>B</step>
     <alter>-1</alter>
     <octave>3</octave>
    </pitch>
    <duration>512</duration>
    <instrument id="P2-I1" />
    <type>half</type>
    <staff>1</staff>
   </note>
   <backup>
    <duration>512</duration>
   </backup>
   <note default-x="17">
    <rest />
    <duration>128</duration>
    <instrument id="P2-I1" />
    <voice>3</voice>
    <type>eighth</type>
    <staff>2</staff>
   </note>
   <note color="#000000" default-x="48" default-y="20">
    <pitch>
     <step>F</step>
     <octave>3</octave>
    </pitch>
    <duration>384</duration>
    <instrument id="P2-I1" />
    <voice>3</voice>
    <type>quarter</type>
    <dot />
    <stem>up</stem>
    <staff>2</staff>
   </note>
   <backup>
    <duration>384</duration>
   </backup>
   <note color="#000000" default-x="48" default-y="-45">
    <pitch>
     <step>F</step>
     <octave>3</octave>
    </pitch>
    <duration>128</duration>
    <instrument id="P2-I1" />
    <voice>4</voice>
    <type>eighth</type>
    <stem>down</stem>
    <staff>2</staff>
    <notations>
     <articulations>
      <detached-legato />
     </articulations>
    </notations>
   </note>
   <note color="#000000" default-x="90" default-y="-77">
    <pitch>
     <step>E</step>
     <alter>-1</alter>
     <octave>2</octave>
    </pitch>
    <duration>256</duration>
    <instrument id="P2-I1" />
    <voice>4</voice>
    <type>quarter</type>
    <stem>down</stem>
    <staff>2</staff>
   </note>
  </measure>
  <!--============== Part: P2, Measure: 3 ==============-->
  <measure number="3" width="141">
   <attributes />
   <note color="#000000" default-x="15" default-y="-40">
    <pitch>
     <step>G</step>
     <octave>3</octave>
    </pitch>
    <duration>512</duration>
    <instrument id="P2-I1" />
    <voice>1</voice>
    <type>half</type>
    <stem>down</stem>
    <staff>1</staff>
   </note>
   <note color="#000000" default-x="15">
    <chord />
    <pitch>
     <step>B</step>
     <alter>-1</alter>
     <octave>3</octave>
    </pitch>
    <duration>512</duration>
    <instrument id="P2-I1" />
    <type>half</type>
    <staff>1</staff>
   </note>
   <backup>
    <duration>512</duration>
   </backup>
   <note default-x="15">
    <rest />
    <duration>128</duration>
    <instrument id="P2-I1" />
    <voice>3</voice>
    <type>eighth</type>
    <staff>2</staff>
   </note>
   <note color="#000000" default-x="45" default-y="17">
    <pitch>
     <step>E</step>
     <octave>3</octave>
    </pitch>
    <duration>384</duration>
    <instrument id="P2-I1" />
    <voice>3</voice>
    <type>quarter</type>
    <dot />
    <accidental>natural</accidental>
    <stem>up</stem>
    <staff>2</staff>
   </note>
   <backup>
    <duration>384</duration>
   </backup>
   <note color="#000000" default-x="45" default-y="-50">
    <pitch>
     <step>E</step>
     <octave>3</octave>
    </pitch>
    <duration>128</duration>
    <instrument id="P2-I1" />
    <voice>4</voice>
    <type>eighth</type>
    <stem>down</stem>
    <staff>2</staff>
    <notations>
     <articulations>
      <detached-legato />
     </articulations>
    </notations>
   </note>
   <note color="#000000" default-x="87" default-y="-97">
    <pitch>
     <step>A</step>
     <alter>-1</alter>
     <octave>1</octave>
    </pitch>
    <duration>256</duration>
    <instrument id="P2-I1" />
    <voice>4</voice>
    <type>quarter</type>
    <stem>down</stem>
    <staff>2</staff>
   </note>
  </measure>
  <!--============== Part: P2, Measure: 4 ==============-->
  <measure number="4" width="235">
   <attributes />
   <note color="#000000" default-x="15" default-y="-45">
    <pitch>
     <step>F</step>
     <octave>3</octave>
    </pitch>
    <duration>512</duration>
    <instrument id="P2-I1" />
    <voice>1</voice>
    <type>half</type>
    <stem>down</stem>
    <staff>1</staff>
   </note>
   <note color="#000000" default-x="15">
    <chord />
    <pitch>
     <step>A</step>
     <alter>-1</alter>
     <octave>3</octave>
    </pitch>
    <duration>512</duration>
    <instrument id="P2-I1" />
    <type>half</type>
    <staff>1</staff>
   </note>
   <backup>
    <duration>512</duration>
   </backup>
   <note default-x="15">
    <rest />
    <duration>128</duration>
    <instrument id="P2-I1" />
    <voice>3</voice>
    <type>eighth</type>
    <staff>2</staff>
   </note>
   <note color="#000000" default-x="45" default-y="17">
    <pitch>
     <step>E</step>
     <alter>-1</alter>
     <octave>3</octave>
    </pitch>
    <duration>384</duration>
    <instrument id="P2-I1" />
    <voice>3</voice>
    <type>quarter</type>
    <dot />
    <accidental>flat</accidental>
    <stem>up</stem>
    <staff>2</staff>
   </note>
   <backup>
    <duration>384</duration>
   </backup>
   <note color="#000000" default-x="45" default-y="-50">
    <pitch>
     <step>E</step>
     <alter>-1</alter>
     <octave>3</octave>
    </pitch>
    <duration>128</duration>
    <instrument id="P2-I1" />
    <voice>4</voice>
    <type>eighth</type>
    <stem>down</stem>
    <staff>2</staff>
    <notations>
     <articulations>
      <detached-legato />
     </articulations>
    </notations>
   </note>
   <note color="#000000" default-x="84" default-y="-72">
    <pitch>
     <step>F</step>
     <octave>2</octave>
    </pitch>
    <duration>256</duration>
    <instrument id="P2-I1" />
    <voice>4</voice>
    <type>quarter</type>
    <stem>down</stem>
    <staff>2</staff>
   </note>
  </measure>
  <!--============== Part: P2, Measure: 5 ==============-->
  <measure number="5" width="194">
   <attributes />
   <note color="#000000" default-x="15" default-y="-35">
    <pitch>
     <step>A</step>
     <alter>-1</alter>
     <octave>3</octave>
    </pitch>
    <duration>256</duration>
    <instrument id="P2-I1" />
    <voice>1</voice>
    <type>quarter</type>
    <stem>down</stem>
    <staff>1</staff>
    <notations>
     <slur color="#000000" type="start" orientation="over" />
    </notations>
   </note>
   <note color="#000000" default-x="15">
    <chord />
    <pitch>
     <step>E</step>
     <alter>-1</alter>
     <octave>4</octave>
    </pitch>
    <duration>256</duration>
    <instrument id="P2-I1" />
    <type>quarter</type>
    <staff>1</staff>
   </note>
   <note color="#000000" default-x="76" default-y="-45">
    <pitch>
     <step>F</step>
     <octave>3</octave>
    </pitch>
    <duration>256</duration>
    <instrument id="P2-I1" />
    <voice>1</voice>
    <type>quarter</type>
    <stem>down</stem>
    <staff>1</staff>
   </note>
   <note color="#000000" default-x="76">
    <chord />
    <pitch>
     <step>D</step>
     <octave>4</octave>
    </pitch>
    <duration>256</duration>
    <instrument id="P2-I1" />
    <type>quarter</type>
    <accidental>natural</accidental>
    <staff>1</staff>
   </note>
   <backup>
    <duration>512</duration>
   </backup>
   <note default-x="15">
    <rest />
    <duration>128</duration>
    <instrument id="P2-I1" />
    <voice>3</voice>
    <type>eighth</type>
    <staff>2</staff>
   </note>
   <note color="#000000" default-x="45" default-y="-20">
    <pitch>
     <step>B</step>
     <alter>-1</alter>
     <octave>1</octave>
    </pitch>
    <duration>128</duration>
    <instrument id="P2-I1" />
    <voice>3</voice>
    <type>eighth</type>
    <stem>up</stem>
    <staff>2</staff>
   </note>
   <note default-x="76">
    <rest />
    <duration>128</duration>
    <instrument id="P2-I1" />
    <voice>3</voice>
    <type>eighth</type>
    <staff>2</staff>
   </note>
   <note color="#000000" default-x="106" default-y="5">
    <pitch>
     <step>B</step>
     <alter>-1</alter>
     <octave>2</octave>
    </pitch>
    <duration>128</duration>
    <instrument id="P2-I1" />
    <voice>3</voice>
    <type>eighth</type>
    <stem>up</stem>
    <staff>2</staff>
   </note>
  </measure>
  <!--============== Part: P2, Measure: 6 ==============-->
  <measure number="6" width="285">
   <print new-system="yes">
    <system-layout>
     <system-margins>
      <left-margin>7</left-margin>
      <right-margin>0</right-margin>
     </system-margins>
    </system-layout>
    <staff-layout number="2">
     <staff-distance>73</staff-distance>
    </staff-layout>
   </print>
   <attributes>
    <staff-details number="1" print-object="yes" />
    <staff-details number="2" print-object="yes" />
   </attributes>
   <note color="#000000" default-x="91" default-y="-30">
    <pitch>
     <step>B</step>
     <alter>-1</alter>
     <octave>3</octave>
    </pitch>
    <duration>256</duration>
    <instrument id="P2-I1" />
    <voice>1</voice>
    <type>quarter</type>
    <stem>down</stem>
    <staff>1</staff>
   </note>
   <note color="#000000" default-x="91">
    <chord />
    <pitch>
     <step>F</step>
     <octave>4</octave>
    </pitch>
    <duration>256</duration>
    <instrument id="P2-I1" />
    <type>quarter</type>
    <staff>1</staff>
   </note>
   <note color="#000000" default-x="159" default-y="-40">
    <pitch>
     <step>G</step>
     <octave>3</octave>
    </pitch>
    <duration>256</duration>
    <instrument id="P2-I1" />
    <voice>1</voice>
    <type>quarter</type>
    <stem>down</stem>
    <staff>1</staff>
   </note>
   <note color="#000000" default-x="159">
    <chord />
    <pitch>
     <step>E</step>
     <alter>-1</alter>
     <octave>4</octave>
    </pitch>
    <duration>256</duration>
    <instrument id="P2-I1" />
    <type>quarter</type>
    <staff>1</staff>
    <notations>
     <slur color="#000000" type="stop" orientation="over" />
    </notations>
   </note>
   <backup>
    <duration>512</duration>
   </backup>
   <note default-x="91">
    <rest />
    <duration>128</duration>
    <instrument id="P2-I1" />
    <voice>3</voice>
    <type>eighth</type>
    <staff>2</staff>
   </note>
   <note color="#000000" default-x="125" default-y="-20">
    <pitch>
     <step>B</step>
     <alter>-1</alter>
     <octave>1</octave>
    </pitch>
    <duration>128</duration>
    <instrument id="P2-I1" />
    <voice>3</voice>
    <type>eighth</type>
    <stem>up</stem>
    <staff>2</staff>
   </note>
   <note default-x="159">
    <rest />
    <duration>128</duration>
    <instrument id="P2-I1" />
    <voice>3</voice>
    <type>eighth</type>
    <staff>2</staff>
   </note>
   <note color="#000000" default-x="193" default-y="5">
    <pitch>
     <step>B</step>
     <alter>-1</alter>
     <octave>2</octave>
    </pitch>
    <duration>128</duration>
    <instrument id="P2-I1" />
    <voice>3</voice>
    <type>eighth</type>
    <stem>up</stem>
    <staff>2</staff>
   </note>
  </measure>
  <!--============== Part: P2, Measure: 7 ==============-->
  <measure number="7" width="153">
   <attributes>
    <clef number="1" color="#000000">
     <sign>G</sign>
     <line>2</line>
    </clef>
   </attributes>
   <note color="#000000" default-x="15" default-y="5">
    <pitch>
     <step>G</step>
     <octave>4</octave>
    </pitch>
    <duration>256</duration>
    <instrument id="P2-I1" />
    <voice>1</voice>
    <type>quarter</type>
    <stem>up</stem>
    <staff>1</staff>
    <notations>
     <slur color="#000000" type="start" orientation="over" />
    </notations>
   </note>
   <note color="#000000" default-x="83" default-y="-15">
    <pitch>
     <step>C</step>
     <octave>4</octave>
    </pitch>
    <duration>256</duration>
    <instrument id="P2-I1" />
    <voice>1</voice>
    <type>quarter</type>
    <stem>up</stem>
    <staff>1</staff>
   </note>
   <backup>
    <duration>512</duration>
   </backup>
   <direction>
    <direction-type>
     <wedge default-x="11" default-y="26" color="#000000" type="crescendo" />
    </direction-type>
    <offset sound="no">256</offset>
    <voice>1</voice>
    <staff>1</staff>
   </direction>
   <note color="#000000" default-x="15" default-y="-17">
    <pitch>
     <step>D</step>
     <alter>-1</alter>
     <octave>4</octave>
    </pitch>
    <duration>128</duration>
    <instrument id="P2-I1" />
    <voice>2</voice>
    <type>eighth</type>
    <accidental>flat</accidental>
    <stem>down</stem>
    <staff>1</staff>
    <beam number="1">begin</beam>
   </note>
   <note color="#000000" default-x="49" default-y="-17">
    <pitch>
     <step>C</step>
     <octave>4</octave>
    </pitch>
    <duration>128</duration>
    <instrument id="P2-I1" />
    <voice>2</voice>
    <type>eighth</type>
    <stem>down</stem>
    <staff>1</staff>
    <beam number="1">continue</beam>
   </note>
   <note color="#000000" default-x="83" default-y="-17">
    <pitch>
     <step>B</step>
     <alter>-1</alter>
     <octave>3</octave>
    </pitch>
    <duration>128</duration>
    <instrument id="P2-I1" />
    <voice>2</voice>
    <type>eighth</type>
    <stem>up</stem>
    <staff>2</staff>
    <beam number="1">continue</beam>
   </note>
   <note color="#000000" default-x="119" default-y="-17">
    <pitch>
     <step>A</step>
     <alter>-1</alter>
     <octave>3</octave>
    </pitch>
    <duration>128</duration>
    <instrument id="P2-I1" />
    <voice>2</voice>
    <type>eighth</type>
    <stem>up</stem>
    <staff>2</staff>
    <beam number="1">end</beam>
   </note>
   <backup>
    <duration>512</duration>
   </backup>
   <note default-x="15">
    <rest />
    <duration>128</duration>
    <instrument id="P2-I1" />
    <voice>3</voice>
    <type>eighth</type>
    <staff>2</staff>
   </note>
   <note color="#000000" default-x="49" default-y="-20">
    <pitch>
     <step>A</step>
     <alter>-1</alter>
     <octave>1</octave>
    </pitch>
    <duration>128</duration>
    <instrument id="P2-I1" />
    <voice>3</voice>
    <type>eighth</type>
    <stem>up</stem>
    <staff>2</staff>
   </note>
   <note default-x="83">
    <rest />
    <duration>128</duration>
    <instrument id="P2-I1" />
    <voice>3</voice>
    <type>eighth</type>
    <staff>2</staff>
   </note>
   <note color="#000000" default-x="119" default-y="-20">
    <pitch>
     <step>B</step>
     <alter>-1</alter>
     <octave>1</octave>
    </pitch>
    <duration>128</duration>
    <instrument id="P2-I1" />
    <voice>3</voice>
    <type>eighth</type>
    <stem>up</stem>
    <staff>2</staff>
   </note>
  </measure>
  <!--============== Part: P2, Measure: 8 ==============-->
  <measure number="8" width="155">
   <attributes />
   <note color="#000000" default-x="17">
    <pitch>
     <step>F</step>
     <octave>4</octave>
    </pitch>
    <duration>256</duration>
    <instrument id="P2-I1" />
    <voice>1</voice>
    <type>quarter</type>
    <stem>up</stem>
    <staff>1</staff>
   </note>
   <note color="#000000" default-x="85" default-y="-10">
    <pitch>
     <step>B</step>
     <alter>-1</alter>
     <octave>3</octave>
    </pitch>
    <duration>128</duration>
    <instrument id="P2-I1" />
    <voice>1</voice>
    <type>eighth</type>
    <stem>up</stem>
    <staff>1</staff>
    <beam number="1">begin</beam>
   </note>
   <note color="#000000" default-x="121" default-y="-10">
    <pitch>
     <step>E</step>
     <alter>-1</alter>
     <octave>4</octave>
    </pitch>
    <duration>128</duration>
    <instrument id="P2-I1" />
    <voice>1</voice>
    <type>eighth</type>
    <stem>up</stem>
    <staff>1</staff>
    <beam number="1">end</beam>
    <notations>
     <slur color="#000000" type="stop" orientation="over" />
    </notations>
   </note>
   <backup>
    <duration>512</duration>
   </backup>
   <direction>
    <direction-type>
     <wedge default-x="-8" default-y="26" color="#000000" type="stop" />
    </direction-type>
    <offset sound="no">255</offset>
    <voice>1</voice>
    <staff>1</staff>
   </direction>
   <note color="#000000" default-x="17" default-y="-17">
    <pitch>
     <step>C</step>
     <alter>-1</alter>
     <octave>4</octave>
    </pitch>
    <duration>128</duration>
    <instrument id="P2-I1" />
    <voice>2</voice>
    <type>eighth</type>
    <accidental>flat</accidental>
    <stem>down</stem>
    <staff>1</staff>
    <beam number="1">begin</beam>
   </note>
   <note color="#000000" default-x="51" default-y="-17">
    <pitch>
     <step>B</step>
     <alter>-1</alter>
     <octave>3</octave>
    </pitch>
    <duration>128</duration>
    <instrument id="P2-I1" />
    <voice>2</voice>
    <type>eighth</type>
    <stem>down</stem>
    <staff>1</staff>
    <beam number="1">continue</beam>
   </note>
   <note color="#000000" default-x="85" default-y="-17">
    <pitch>
     <step>A</step>
     <alter>-1</alter>
     <octave>3</octave>
    </pitch>
    <duration>128</duration>
    <instrument id="P2-I1" />
    <voice>2</voice>
    <type>eighth</type>
    <stem>up</stem>
    <staff>2</staff>
    <beam number="1">continue</beam>
   </note>
   <note color="#000000" default-x="121" default-y="-17">
    <pitch>
     <step>G</step>
     <octave>3</octave>
    </pitch>
    <duration>128</duration>
    <instrument id="P2-I1" />
    <voice>2</voice>
    <type>eighth</type>
    <stem>up</stem>
    <staff>2</staff>
    <beam number="1">end</beam>
   </note>
   <backup>
    <duration>512</duration>
   </backup>
   <note default-x="17">
    <rest />
    <duration>128</duration>
    <instrument id="P2-I1" />
    <voice>3</voice>
    <type>eighth</type>
    <staff>2</staff>
   </note>
   <note color="#000000" default-x="51" default-y="-15">
    <pitch>
     <step>E</step>
     <alter>-1</alter>
     <octave>2</octave>
    </pitch>
    <duration>128</duration>
    <instrument id="P2-I1" />
    <voice>3</voice>
    <type>eighth</type>
    <stem>up</stem>
    <staff>2</staff>
   </note>
   <note default-x="85">
    <rest />
    <duration>128</duration>
    <instrument id="P2-I1" />
    <voice>3</voice>
    <type>eighth</type>
    <staff>2</staff>
   </note>
   <note color="#000000" default-x="121" default-y="-20">
    <pitch>
     <step>C</step>
     <octave>2</octave>
    </pitch>
    <duration>128</duration>
    <instrument id="P2-I1" />
    <voice>3</voice>
    <type>eighth</type>
    <accidental>natural</accidental>
    <stem>up</stem>
    <staff>2</staff>
   </note>
  </measure>
  <!--============== Part: P2, Measure: 9 ==============-->
  <measure number="9" width="150">
   <attributes />
   <note>
    <rest />
    <duration>512</duration>
    <instrument id="P2-I1" />
    <type>whole</type>
    <staff>1</staff>
   </note>
   <backup>
    <duration>512</duration>
   </backup>
   <note default-x="15">
    <rest />
    <duration>128</duration>
    <instrument id="P2-I1" />
    <voice>3</voice>
    <type>eighth</type>
    <staff>2</staff>
   </note>
   <note color="#000000" default-x="49" default-y="27">
    <pitch>
     <step>F</step>
     <octave>3</octave>
    </pitch>
    <duration>128</duration>
    <instrument id="P2-I1" />
    <voice>3</voice>
    <type>eighth</type>
    <stem>up</stem>
    <staff>2</staff>
   </note>
   <note color="#000000" default-x="49">
    <chord />
    <pitch>
     <step>A</step>
     <alter>-1</alter>
     <octave>3</octave>
    </pitch>
    <duration>128</duration>
    <instrument id="P2-I1" />
    <type>eighth</type>
    <staff>2</staff>
   </note>
   <note default-x="83">
    <rest />
    <duration>128</duration>
    <instrument id="P2-I1" />
    <voice>3</voice>
    <type>eighth</type>
    <staff>2</staff>
   </note>
   <note color="#000000" default-x="116" default-y="27">
    <pitch>
     <step>F</step>
     <octave>3</octave>
    </pitch>
    <duration>128</duration>
    <instrument id="P2-I1" />
    <voice>3</voice>
    <type>eighth</type>
    <stem>up</stem>
    <staff>2</staff>
   </note>
   <note color="#000000" default-x="116">
    <chord />
    <pitch>
     <step>A</step>
     <alter>-1</alter>
     <octave>3</octave>
    </pitch>
    <duration>128</duration>
    <instrument id="P2-I1" />
    <type>eighth</type>
    <staff>2</staff>
   </note>
   <backup>
    <duration>512</duration>
   </backup>
   <note color="#000000" default-x="15" default-y="-62">
    <pitch>
     <step>A</step>
     <alter>-1</alter>
     <octave>2</octave>
    </pitch>
    <duration>128</duration>
    <instrument id="P2-I1" />
    <voice>4</voice>
    <type>eighth</type>
    <stem>down</stem>
    <staff>2</staff>
   </note>
   <note default-x="49">
    <rest />
    <duration>128</duration>
    <instrument id="P2-I1" />
    <voice>4</voice>
    <type>eighth</type>
    <staff>2</staff>
   </note>
   <note color="#000000" default-x="83" default-y="-60">
    <pitch>
     <step>B</step>
     <alter>-1</alter>
     <octave>2</octave>
    </pitch>
    <duration>128</duration>
    <instrument id="P2-I1" />
    <voice>4</voice>
    <type>eighth</type>
    <stem>down</stem>
    <staff>2</staff>
   </note>
   <note default-x="116">
    <rest />
    <duration>128</duration>
    <instrument id="P2-I1" />
    <voice>4</voice>
    <type>eighth</type>
    <staff>2</staff>
   </note>
  </measure>
  <!--============== Part: P2, Measure: 10 ==============-->
  <measure number="10" width="150">
   <attributes />
   <direction>
    <direction-type>
     <wedge default-x="11" default-y="-80" color="#000000" type="diminuendo" />
    </direction-type>
    <voice>1</voice>
    <staff>1</staff>
   </direction>
   <note color="#000000" default-x="15" default-y="4">
    <pitch>
     <step>A</step>
     <alter>-1</alter>
     <octave>4</octave>
    </pitch>
    <duration>128</duration>
    <instrument id="P2-I1" />
    <voice>1</voice>
    <type>eighth</type>
    <stem>up</stem>
    <staff>1</staff>
    <beam number="1">begin</beam>
    <notations>
     <slur color="#000000" type="start" orientation="over" />
    </notations>
   </note>
   <note color="#000000" default-x="49" default-y="4">
    <pitch>
     <step>G</step>
     <octave>4</octave>
    </pitch>
    <duration>128</duration>
    <instrument id="P2-I1" />
    <voice>1</voice>
    <type>eighth</type>
    <stem>up</stem>
    <staff>1</staff>
    <beam number="1">continue</beam>
   </note>
   <note color="#000000" default-x="83" default-y="4">
    <pitch>
     <step>E</step>
     <alter>-1</alter>
     <octave>4</octave>
    </pitch>
    <duration>128</duration>
    <instrument id="P2-I1" />
    <voice>1</voice>
    <type>eighth</type>
    <stem>up</stem>
    <staff>1</staff>
    <beam number="1">continue</beam>
   </note>
   <direction>
    <direction-type>
     <wedge default-x="-8" default-y="-80" color="#000000" type="stop" />
    </direction-type>
    <offset sound="no">127</offset>
    <voice>1</voice>
    <staff>1</staff>
   </direction>
   <note color="#000000" default-x="117" default-y="4">
    <pitch>
     <step>A</step>
     <octave>3</octave>
    </pitch>
    <duration>128</duration>
    <instrument id="P2-I1" />
    <voice>1</voice>
    <type>eighth</type>
    <accidental>natural</accidental>
    <stem>up</stem>
    <staff>1</staff>
    <beam number="1">end</beam>
    <notations>
     <slur color="#000000" type="stop" orientation="over" />
    </notations>
   </note>
   <backup>
    <duration>512</duration>
   </backup>
   <note color="#000000" default-x="15" default-y="-57">
    <pitch>
     <step>C</step>
     <octave>3</octave>
    </pitch>
    <duration>256</duration>
    <instrument id="P2-I1" />
    <voice>3</voice>
    <type>quarter</type>
    <stem>down</stem>
    <staff>2</staff>
   </note>
   <note color="#000000" default-x="15">
    <chord />
    <pitch>
     <step>E</step>
     <alter>-1</alter>
     <octave>3</octave>
    </pitch>
    <duration>256</duration>
    <instrument id="P2-I1" />
    <type>quarter</type>
    <staff>2</staff>
   </note>
   <note color="#000000" default-x="15">
    <chord />
    <pitch>
     <step>G</step>
     <octave>3</octave>
    </pitch>
    <duration>256</duration>
    <instrument id="P2-I1" />
    <type>quarter</type>
    <staff>2</staff>
   </note>
   <note color="#000000" default-x="83" default-y="20">
    <pitch>
     <step>F</step>
     <octave>2</octave>
    </pitch>
    <duration>256</duration>
    <instrument id="P2-I1" />
    <voice>3</voice>
    <type>quarter</type>
    <stem>up</stem>
    <staff>2</staff>
   </note>
   <note color="#000000" default-x="83">
    <chord />
    <pitch>
     <step>C</step>
     <octave>3</octave>
    </pitch>
    <duration>256</duration>
    <instrument id="P2-I1" />
    <type>quarter</type>
    <staff>2</staff>
   </note>
   <note color="#000000" default-x="83">
    <chord />
    <pitch>
     <step>F</step>
     <octave>3</octave>
    </pitch>
    <duration>256</duration>
    <instrument id="P2-I1" />
    <type>quarter</type>
    <staff>2</staff>
   </note>
  </measure>
  <!--============== Part: P2, Measure: 11 ==============-->
  <measure number="11" width="151">
   <attributes>
    <clef number="1" color="#000000">
     <sign>F</sign>
     <line>4</line>
    </clef>
   </attributes>
   <direction>
    <direction-type>
     <dynamics default-x="43" default-y="-85" color="#000000" font-family="Opus Text Std" font-style="normal" font-size="11.0839" font-weight="normal">
      <p />
     </dynamics>
    </direction-type>
    <offset sound="no">128</offset>
    <voice>1</voice>
    <staff>1</staff>
   </direction>
   <note default-x="15">
    <rest />
    <duration>256</duration>
    <instrument id="P2-I1" />
    <voice>1</voice>
    <type>quarter</type>
    <staff>1</staff>
   </note>
   <note default-x="83">
    <rest />
    <duration>128</duration>
    <instrument id="P2-I1" />
    <voice>1</voice>
    <type>eighth</type>
    <staff>1</staff>
   </note>
   <note color="#000000" default-x="117" default-y="27">
    <pitch>
     <step>A</step>
     <alter>-1</alter>
     <octave>3</octave>
    </pitch>
    <duration>128</duration>
    <instrument id="P2-I1" />
    <voice>1</voice>
    <type>eighth</type>
    <accidental>flat</accidental>
    <stem>up</stem>
    <staff>1</staff>
    <notations>
     <slur color="#000000" type="start" orientation="over" />
    </notations>
   </note>
   <backup>
    <duration>512</duration>
   </backup>
   <note default-x="15">
    <rest />
    <duration>128</duration>
    <instrument id="P2-I1" />
    <voice>2</voice>
    <type>eighth</type>
    <staff>1</staff>
   </note>
   <direction>
    <direction-type>
     <wedge default-x="12" default-y="-80" color="#000000" type="diminuendo" />
    </direction-type>
    <voice>1</voice>
    <staff>1</staff>
   </direction>
   <note color="#000000" default-x="49" default-y="-50">
    <pitch>
     <step>E</step>
     <octave>3</octave>
    </pitch>
    <duration>128</duration>
    <instrument id="P2-I1" />
    <voice>2</voice>
    <type>eighth</type>
    <accidental>natural</accidental>
    <stem>down</stem>
    <staff>1</staff>
   </note>
   <note color="#000000" default-x="83" default-y="-45">
    <pitch>
     <step>F</step>
     <octave>3</octave>
    </pitch>
    <duration>256</duration>
    <instrument id="P2-I1" />
    <voice>2</voice>
    <type>quarter</type>
    <stem>down</stem>
    <staff>1</staff>
   </note>
   <backup>
    <duration>512</duration>
   </backup>
   <note default-x="15">
    <rest />
    <duration>256</duration>
    <instrument id="P2-I1" />
    <voice>3</voice>
    <type>quarter</type>
    <staff>2</staff>
   </note>
   <note color="#000000" default-x="83" default-y="5">
    <pitch>
     <step>B</step>
     <alter>-1</alter>
     <octave>1</octave>
    </pitch>
    <duration>256</duration>
    <instrument id="P2-I1" />
    <voice>3</voice>
    <type>quarter</type>
    <stem>up</stem>
    <staff>2</staff>
   </note>
   <note color="#000000" default-x="83">
    <chord />
    <pitch>
     <step>B</step>
     <alter>-1</alter>
     <octave>2</octave>
    </pitch>
    <duration>256</duration>
    <instrument id="P2-I1" />
    <type>quarter</type>
    <staff>2</staff>
   </note>
  </measure>
  <!--============== Part: P2, Measure: 12 ==============-->
  <measure number="12" width="150">
   <attributes />
   <note color="#000000" default-x="15" default-y="32">
    <pitch>
     <step>G</step>
     <octave>3</octave>
    </pitch>
    <duration>128</duration>
    <instrument id="P2-I1" />
    <voice>1</voice>
    <type>eighth</type>
    <stem>up</stem>
    <staff>1</staff>
    <beam number="1">begin</beam>
   </note>
   <note color="#000000" default-x="49" default-y="32">
    <pitch>
     <step>B</step>
     <alter>-1</alter>
     <octave>3</octave>
    </pitch>
    <duration>128</duration>
    <instrument id="P2-I1" />
    <voice>1</voice>
    <type>eighth</type>
    <stem>up</stem>
    <staff>1</staff>
    <beam number="1">end</beam>
   </note>
   <note color="#000000" default-x="82" default-y="42">
    <pitch>
     <step>D</step>
     <alter>-1</alter>
     <octave>4</octave>
    </pitch>
    <duration>256</duration>
    <instrument id="P2-I1" />
    <voice>1</voice>
    <type>quarter</type>
    <accidental>flat</accidental>
    <stem>up</stem>
    <staff>1</staff>
    <notations>
     <slur color="#000000" type="stop" orientation="over" />
    </notations>
   </note>
   <backup>
    <duration>512</duration>
   </backup>
   <direction>
    <direction-type>
     <wedge default-x="-8" default-y="-80" color="#000000" type="stop" />
    </direction-type>
    <offset sound="no">511</offset>
    <voice>1</voice>
    <staff>1</staff>
   </direction>
   <note color="#000000" default-x="15" default-y="-40">
    <pitch>
     <step>G</step>
     <octave>3</octave>
    </pitch>
    <duration>512</duration>
    <instrument id="P2-I1" />
    <voice>2</voice>
    <type>half</type>
    <stem>down</stem>
    <staff>1</staff>
   </note>
   <backup>
    <duration>512</duration>
   </backup>
   <note color="#000000" default-x="15" default-y="-15">
    <pitch>
     <step>E</step>
     <alter>-1</alter>
     <octave>2</octave>
    </pitch>
    <duration>128</duration>
    <instrument id="P2-I1" />
    <voice>3</voice>
    <type>eighth</type>
    <stem>up</stem>
    <staff>2</staff>
   </note>
   <note default-x="49">
    <rest />
    <duration>128</duration>
    <instrument id="P2-I1" />
    <voice>3</voice>
    <type>eighth</type>
    <staff>2</staff>
   </note>
   <note color="#000000" default-x="82" default-y="-50">
    <pitch>
     <step>E</step>
     <alter>-1</alter>
     <octave>3</octave>
    </pitch>
    <duration>128</duration>
    <instrument id="P2-I1" />
    <voice>3</voice>
    <type>eighth</type>
    <stem>down</stem>
    <staff>2</staff>
   </note>
   <note default-x="116">
    <rest />
    <duration>128</duration>
    <instrument id="P2-I1" />
    <voice>3</voice>
    <type>eighth</type>
    <staff>2</staff>
   </note>
  </measure>
 </part>
</score-partwise>
